time,value
2023-12-31 23:10:00,41
2023-12-31 23:10:00,45
2023-12-31 23:10:00,-177
2023-12-31 23:10:00,50
2023-12-31 23:10:00,38
2023-12-31 23:10:00,-163
2023-12-31 23:10:00,82
2023-12-31 23:10:00,34
2023-12-31 23:10:00,89
2023-12-31 23:10:00,66
2023-12-31 23:10:00,-23
2023-12-31 23:10:00,-192
2023-12-31 23:10:00,-6
2023-12-31 23:10:00,-53
2023-12-31 23:10:00,-20
2023-12-31 23:10:00,8
2023-12-31 23:10:00,-17
2023-12-31 23:10:00,-2
2023-12-31 23:10:00,87
2023-12-31 23:10:00,30
2023-12-31 23:10:00,-52
2023-12-31 23:10:00,11
2023-12-31 23:10:00,-40
2023-12-31 23:10:00,14
2023-12-31 23:10:00,-31
2023-12-31 23:10:00,-185
2023-12-31 23:10:00,-73
2023-12-31 23:10:00,49
2023-12-31 23:10:00,-98
2023-12-31 23:10:00,119
2023-12-31 23:10:00,-39
2023-12-31 23:10:00,83
2023-12-31 23:10:00,-148
2023-12-31 23:10:00,174
2023-12-31 23:10:00,59
2023-12-31 23:10:00,-26
2023-12-31 23:10:00,62
2023-12-31 23:10:00,-104
2023-12-31 23:10:00,-5
2023-12-31 23:10:00,-30
2023-12-31 23:10:00,3
2023-12-31 23:10:00,-39
2023-12-31 23:10:00,13
2023-12-31 23:10:00,18
2023-12-31 23:10:00,-20
2023-12-31 23:10:00,-62
2023-12-31 23:10:00,-7
2023-12-31 23:10:00,49
2023-12-31 23:10:00,23
2023-12-31 23:10:00,41
2023-12-31 23:10:00,3
2023-12-31 23:10:00,-26
2023-12-31 23:10:00,29
2023-12-31 23:10:00,-9
2023-12-31 23:10:00,13
2023-12-31 23:10:00,29
2023-12-31 23:10:00,52
2023-12-31 23:10:00,2
2023-12-31 23:10:00,40
2023-12-31 23:10:00,-18
2023-12-31 23:20:00,-22
2023-12-31 23:20:00,-21
2023-12-31 23:20:00,3
2023-12-31 23:20:00,30
2023-12-31 23:20:00,-29
2023-12-31 23:20:00,-22
2023-12-31 23:20:00,16
2023-12-31 23:20:00,40
2023-12-31 23:20:00,29
2023-12-31 23:20:00,44
2023-12-31 23:20:00,42
2023-12-31 23:20:00,-3
2023-12-31 23:20:00,13
2023-12-31 23:20:00,15
2023-12-31 23:20:00,4
2023-12-31 23:20:00,-1
2023-12-31 23:20:00,-31
2023-12-31 23:20:00,30
2023-12-31 23:20:00,-188
2023-12-31 23:20:00,-12
2023-12-31 23:20:00,-42
2023-12-31 23:20:00,22
2023-12-31 23:20:00,-21
2023-12-31 23:20:00,11
2023-12-31 23:20:00,-20
2023-12-31 23:20:00,-28
2023-12-31 23:20:00,-6
2023-12-31 23:20:00,13
2023-12-31 23:20:00,-11
2023-12-31 23:20:00,-24
2023-12-31 23:20:00,-35
2023-12-31 23:20:00,-39
2023-12-31 23:20:00,22
2023-12-31 23:20:00,16
2023-12-31 23:20:00,-27
2023-12-31 23:20:00,17
2023-12-31 23:20:00,-10
2023-12-31 23:20:00,14
2023-12-31 23:20:00,-91
2023-12-31 23:20:00,-4
2023-12-31 23:20:00,22
2023-12-31 23:20:00,-34
2023-12-31 23:20:00,0
2023-12-31 23:20:00,-13
2023-12-31 23:20:00,36
2023-12-31 23:20:00,-34
2023-12-31 23:20:00,19
2023-12-31 23:20:00,112
2023-12-31 23:20:00,-7
2023-12-31 23:20:00,-127
2023-12-31 23:20:00,-50
2023-12-31 23:20:00,9
2023-12-31 23:20:00,22
2023-12-31 23:20:00,22
2023-12-31 23:20:00,28
2023-12-31 23:20:00,-34
2023-12-31 23:20:00,27
2023-12-31 23:20:00,-31
2023-12-31 23:30:00,-13
2023-12-31 23:30:00,81
2023-12-31 23:30:00,50
2023-12-31 23:30:00,8
2023-12-31 23:30:00,-21
2023-12-31 23:30:00,-183
2023-12-31 23:30:00,-2
2023-12-31 23:30:00,23
2023-12-31 23:30:00,-22
2023-12-31 23:30:00,-1
2023-12-31 23:30:00,-15
2023-12-31 23:30:00,20
2023-12-31 23:30:00,39
2023-12-31 23:30:00,10
2023-12-31 23:30:00,-3
2023-12-31 23:30:00,-3
2023-12-31 23:30:00,3
2023-12-31 23:30:00,-8
2023-12-31 23:30:00,30
2023-12-31 23:30:00,25
2023-12-31 23:30:00,-16
2023-12-31 23:30:00,-197
2023-12-31 23:30:00,-27
2023-12-31 23:30:00,13
2023-12-31 23:30:00,-11
2023-12-31 23:30:00,5
2023-12-31 23:30:00,10
2023-12-31 23:30:00,50
2023-12-31 23:30:00,-2
2023-12-31 23:30:00,12
2023-12-31 23:30:00,-47
2023-12-31 23:30:00,23
2023-12-31 23:30:00,-20
2023-12-31 23:30:00,-8
2023-12-31 23:30:00,-12
2023-12-31 23:30:00,20
2023-12-31 23:30:00,-36
2023-12-31 23:30:00,-40
2023-12-31 23:30:00,5
2023-12-31 23:30:00,31
2023-12-31 23:30:00,-51
2023-12-31 23:30:00,-3
2023-12-31 23:30:00,-148
2023-12-31 23:30:00,5
2023-12-31 23:30:00,-33
2023-12-31 23:30:00,3
2023-12-31 23:30:00,11
2023-12-31 23:30:00,-24
2023-12-31 23:30:00,177
2023-12-31 23:30:00,32
2023-12-31 23:30:00,-39
2023-12-31 23:30:00,2
2023-12-31 23:30:00,-3
2023-12-31 23:30:00,103
2023-12-31 23:30:00,19
2023-12-31 23:30:00,2
2023-12-31 23:30:00,5
2023-12-31 23:30:00,6
2023-12-31 23:30:00,-77
2023-12-31 23:30:00,4
2023-12-31 23:40:00,48
2023-12-31 23:40:00,34
2023-12-31 23:40:00,9
2023-12-31 23:40:00,22
2023-12-31 23:40:00,34
2023-12-31 23:40:00,-45
2023-12-31 23:40:00,39
2023-12-31 23:40:00,4
2023-12-31 23:40:00,-3
2023-12-31 23:40:00,7
2023-12-31 23:40:00,-12
2023-12-31 23:40:00,-22
2023-12-31 23:40:00,45
2023-12-31 23:40:00,31
2023-12-31 23:40:00,-31
2023-12-31 23:40:00,-19
2023-12-31 23:40:00,18
2023-12-31 23:40:00,16
2023-12-31 23:40:00,-5
2023-12-31 23:40:00,-9
2023-12-31 23:40:00,12
2023-12-31 23:40:00,1
2023-12-31 23:40:00,11
2023-12-31 23:40:00,62
2023-12-31 23:40:00,-5
2023-12-31 23:40:00,-109
2023-12-31 23:40:00,20
2023-12-31 23:40:00,-5
2023-12-31 23:40:00,41
2023-12-31 23:40:00,-175
2023-12-31 23:40:00,-11
2023-12-31 23:40:00,33
2023-12-31 23:40:00,-29
2023-12-31 23:40:00,11
2023-12-31 23:40:00,-61
2023-12-31 23:40:00,-10
2023-12-31 23:40:00,12
2023-12-31 23:40:00,2
2023-12-31 23:40:00,-199
2023-12-31 23:40:00,-15
2023-12-31 23:40:00,-1
2023-12-31 23:40:00,-13
2023-12-31 23:40:00,27
2023-12-31 23:40:00,-22
2023-12-31 23:40:00,-8
2023-12-31 23:40:00,43
2023-12-31 23:40:00,31
2023-12-31 23:40:00,-22
2023-12-31 23:40:00,32
2023-12-31 23:40:00,2
2023-12-31 23:40:00,-2
2023-12-31 23:40:00,19
2023-12-31 23:40:00,21
2023-12-31 23:40:00,-63
2023-12-31 23:40:00,73
2023-12-31 23:40:00,54
2023-12-31 23:40:00,-30
2023-12-31 23:40:00,-16
2023-12-31 23:40:00,32
2023-12-31 23:40:00,-15
2023-12-31 23:50:00,13
2023-12-31 23:50:00,-30
2023-12-31 23:50:00,-11
2023-12-31 23:50:00,-76
2023-12-31 23:50:00,-76
2023-12-31 23:50:00,-6
2023-12-31 23:50:00,28
2023-12-31 23:50:00,16
2023-12-31 23:50:00,46
2023-12-31 23:50:00,46
2023-12-31 23:50:00,25
2023-12-31 23:50:00,-15
2023-12-31 23:50:00,15
2023-12-31 23:50:00,-9
2023-12-31 23:50:00,18
2023-12-31 23:50:00,-21
2023-12-31 23:50:00,-14
2023-12-31 23:50:00,56
2023-12-31 23:50:00,32
2023-12-31 23:50:00,-21
2023-12-31 23:50:00,61
2023-12-31 23:50:00,-5
2023-12-31 23:50:00,-6
2023-12-31 23:50:00,-51
2023-12-31 23:50:00,40
2023-12-31 23:50:00,21
2023-12-31 23:50:00,-7
2023-12-31 23:50:00,-2
2023-12-31 23:50:00,29
2023-12-31 23:50:00,46
2023-12-31 23:50:00,27
2023-12-31 23:50:00,39
2023-12-31 23:50:00,-21
2023-12-31 23:50:00,33
2023-12-31 23:50:00,-4
2023-12-31 23:50:00,-30
2023-12-31 23:50:00,3
2023-12-31 23:50:00,-13
2023-12-31 23:50:00,-19
2023-12-31 23:50:00,48
2023-12-31 23:50:00,28
2023-12-31 23:50:00,23
2023-12-31 23:50:00,-105
2023-12-31 23:50:00,-13
2023-12-31 23:50:00,-185
2023-12-31 23:50:00,25
2023-12-31 23:50:00,40
2023-12-31 23:50:00,-4
2023-12-31 23:50:00,21
2023-12-31 23:50:00,34
2023-12-31 23:50:00,2
2023-12-31 23:50:00,32
2023-12-31 23:50:00,30
2023-12-31 23:50:00,55
2023-12-31 23:50:00,22
2023-12-31 23:50:00,-23
2023-12-31 23:50:00,-37
2023-12-31 23:50:00,22
2023-12-31 23:50:00,44
2024-01-01 00:00:00,-14
2024-01-01 00:00:00,-26
2024-01-01 00:00:00,27
2024-01-01 00:00:00,38
2024-01-01 00:00:00,15
2024-01-01 00:00:00,26
2024-01-01 00:00:00,-30
2024-01-01 00:00:00,-1
2024-01-01 00:00:00,-16
2024-01-01 00:00:00,-9
2024-01-01 00:00:00,1
2024-01-01 00:00:00,29
2024-01-01 00:00:00,11
2024-01-01 00:00:00,-47
2024-01-01 00:00:00,45
2024-01-01 00:00:00,13
2024-01-01 00:00:00,9
2024-01-01 00:00:00,68
2024-01-01 00:00:00,-37
2024-01-01 00:00:00,73
2024-01-01 00:00:00,19
2024-01-01 00:00:00,17
2024-01-01 00:00:00,-38
2024-01-01 00:00:00,-13
2024-01-01 00:00:00,-5
2024-01-01 00:00:00,44
2024-01-01 00:00:00,61
2024-01-01 00:00:00,19
2024-01-01 00:00:00,12
2024-01-01 00:00:00,-45
2024-01-01 00:00:00,27
2024-01-01 00:00:00,-23
2024-01-01 00:00:00,2
2024-01-01 00:00:00,-101
2024-01-01 00:00:00,10
2024-01-01 00:00:00,-9
2024-01-01 00:00:00,49
2024-01-01 00:00:00,4
2024-01-01 00:00:00,-6
2024-01-01 00:00:00,21
2024-01-01 00:00:00,-45
2024-01-01 00:00:00,-122
2024-01-01 00:00:00,33
2024-01-01 00:00:00,-22
2024-01-01 00:00:00,13
2024-01-01 00:00:00,14
2024-01-01 00:00:00,54
2024-01-01 00:00:00,45
2024-01-01 00:00:00,-8
2024-01-01 00:00:00,-17
2024-01-01 00:00:00,-9
2024-01-01 00:00:00,-7
2024-01-01 00:00:00,-1
2024-01-01 00:00:00,-38
2024-01-01 00:00:00,48
2024-01-01 00:00:00,7
2024-01-01 00:00:00,4
2024-01-01 00:00:00,84
2024-01-01 00:00:00,-7
2024-01-01 00:00:00,70
2024-01-01 00:10:00,51
2024-01-01 00:10:00,23
2024-01-01 00:10:00,0
2024-01-01 00:10:00,-19
2024-01-01 00:10:00,-32
2024-01-01 00:10:00,44
2024-01-01 00:10:00,-7
2024-01-01 00:10:00,-32
2024-01-01 00:10:00,8
2024-01-01 00:10:00,13
2024-01-01 00:10:00,-50
2024-01-01 00:10:00,127
2024-01-01 00:10:00,-4
2024-01-01 00:10:00,-24
2024-01-01 00:10:00,-13
2024-01-01 00:10:00,14
2024-01-01 00:10:00,17
2024-01-01 00:10:00,-46
2024-01-01 00:10:00,74
2024-01-01 00:10:00,-33
2024-01-01 00:10:00,-28
2024-01-01 00:10:00,48
2024-01-01 00:10:00,-14
2024-01-01 00:10:00,-57
2024-01-01 00:10:00,47
2024-01-01 00:10:00,109
2024-01-01 00:10:00,2
2024-01-01 00:10:00,41
2024-01-01 00:10:00,66
2024-01-01 00:10:00,-17
2024-01-01 00:10:00,19
2024-01-01 00:10:00,27
2024-01-01 00:10:00,63
2024-01-01 00:10:00,4
2024-01-01 00:10:00,28
2024-01-01 00:10:00,-42
2024-01-01 00:10:00,3
2024-01-01 00:10:00,63
2024-01-01 00:10:00,11
2024-01-01 00:10:00,30
2024-01-01 00:10:00,18
2024-01-01 00:10:00,13
2024-01-01 00:10:00,21
2024-01-01 00:10:00,-19
2024-01-01 00:10:00,-15
2024-01-01 00:10:00,59
2024-01-01 00:10:00,27
2024-01-01 00:10:00,59
2024-01-01 00:10:00,-174
2024-01-01 00:10:00,48
2024-01-01 00:10:00,-91
2024-01-01 00:10:00,-77
2024-01-01 00:10:00,-62
2024-01-01 00:10:00,82
2024-01-01 00:10:00,23
2024-01-01 00:10:00,-17
2024-01-01 00:10:00,-175
2024-01-01 00:10:00,62
2024-01-01 00:10:00,-52
2024-01-01 00:10:00,31
2024-01-01 00:20:00,76
2024-01-01 00:20:00,48
2024-01-01 00:20:00,-47
2024-01-01 00:20:00,-78
2024-01-01 00:20:00,107
2024-01-01 00:20:00,77
2024-01-01 00:20:00,37
2024-01-01 00:20:00,-29
2024-01-01 00:20:00,-67
2024-01-01 00:20:00,-23
2024-01-01 00:20:00,-10
2024-01-01 00:20:00,73
2024-01-01 00:20:00,-34
2024-01-01 00:20:00,31
2024-01-01 00:20:00,23
2024-01-01 00:20:00,150
2024-01-01 00:20:00,-19
2024-01-01 00:20:00,43
2024-01-01 00:20:00,27
2024-01-01 00:20:00,28
2024-01-01 00:20:00,11
2024-01-01 00:20:00,7
2024-01-01 00:20:00,38
2024-01-01 00:20:00,22
2024-01-01 00:20:00,-5
2024-01-01 00:20:00,15
2024-01-01 00:20:00,-2
2024-01-01 00:20:00,7
2024-01-01 00:20:00,-20
2024-01-01 00:20:00,13
2024-01-01 00:20:00,17
2024-01-01 00:20:00,17
2024-01-01 00:20:00,17
2024-01-01 00:20:00,126
2024-01-01 00:20:00,97
2024-01-01 00:20:00,8
2024-01-01 00:20:00,23
2024-01-01 00:20:00,19
2024-01-01 00:20:00,-25
2024-01-01 00:20:00,26
2024-01-01 00:20:00,-64
2024-01-01 00:20:00,24
2024-01-01 00:20:00,20
2024-01-01 00:20:00,-43
2024-01-01 00:20:00,-43
2024-01-01 00:20:00,62
2024-01-01 00:20:00,33
2024-01-01 00:20:00,-98
2024-01-01 00:20:00,-30
2024-01-01 00:20:00,8
2024-01-01 00:20:00,10
2024-01-01 00:20:00,-3
2024-01-01 00:20:00,-23
2024-01-01 00:20:00,25
2024-01-01 00:20:00,-6
2024-01-01 00:20:00,-99
2024-01-01 00:20:00,3
2024-01-01 00:20:00,50
2024-01-01 00:20:00,48
2024-01-01 00:20:00,-5
2024-01-01 00:30:00,81
2024-01-01 00:30:00,3
2024-01-01 00:30:00,69
2024-01-01 00:30:00,-1
2024-01-01 00:30:00,21
2024-01-01 00:30:00,-38
2024-01-01 00:30:00,-17
2024-01-01 00:30:00,-49
2024-01-01 00:30:00,25
2024-01-01 00:30:00,3
2024-01-01 00:30:00,35
2024-01-01 00:30:00,42
2024-01-01 00:30:00,-28
2024-01-01 00:30:00,-24
2024-01-01 00:30:00,19
2024-01-01 00:30:00,8
2024-01-01 00:30:00,3
2024-01-01 00:30:00,-218
2024-01-01 00:30:00,33
2024-01-01 00:30:00,-108
2024-01-01 00:30:00,22
2024-01-01 00:30:00,8
2024-01-01 00:30:00,-16
2024-01-01 00:30:00,17
2024-01-01 00:30:00,64
2024-01-01 00:30:00,4
2024-01-01 00:30:00,91
2024-01-01 00:30:00,8
2024-01-01 00:30:00,1
2024-01-01 00:30:00,37
2024-01-01 00:30:00,106
2024-01-01 00:30:00,2
2024-01-01 00:30:00,3
2024-01-01 00:30:00,-38
2024-01-01 00:30:00,91
2024-01-01 00:30:00,-35
2024-01-01 00:30:00,-39
2024-01-01 00:30:00,-1
2024-01-01 00:30:00,-42
2024-01-01 00:30:00,-20
2024-01-01 00:30:00,0
2024-01-01 00:30:00,13
2024-01-01 00:30:00,-1
2024-01-01 00:30:00,53
2024-01-01 00:30:00,14
2024-01-01 00:30:00,-14
2024-01-01 00:30:00,73
2024-01-01 00:30:00,54
2024-01-01 00:30:00,39
2024-01-01 00:30:00,-4
2024-01-01 00:30:00,-17
2024-01-01 00:30:00,7
2024-01-01 00:30:00,20
2024-01-01 00:30:00,40
2024-01-01 00:30:00,15
2024-01-01 00:30:00,49
2024-01-01 00:30:00,20
2024-01-01 00:30:00,16
2024-01-01 00:30:00,11
2024-01-01 00:30:00,15
2024-01-01 00:40:00,23
2024-01-01 00:40:00,35
2024-01-01 00:40:00,50
2024-01-01 00:40:00,17
2024-01-01 00:40:00,24
2024-01-01 00:40:00,22
2024-01-01 00:40:00,131
2024-01-01 00:40:00,-1
2024-01-01 00:40:00,-46
2024-01-01 00:40:00,6
2024-01-01 00:40:00,96
2024-01-01 00:40:00,60
2024-01-01 00:40:00,-17
2024-01-01 00:40:00,-8
2024-01-01 00:40:00,37
2024-01-01 00:40:00,21
2024-01-01 00:40:00,9
2024-01-01 00:40:00,-20
2024-01-01 00:40:00,26
2024-01-01 00:40:00,-3
2024-01-01 00:40:00,-7
2024-01-01 00:40:00,9
2024-01-01 00:40:00,-103
2024-01-01 00:40:00,30
2024-01-01 00:40:00,54
2024-01-01 00:40:00,0
2024-01-01 00:40:00,-9
2024-01-01 00:40:00,51
2024-01-01 00:40:00,50
2024-01-01 00:40:00,22
2024-01-01 00:40:00,41
2024-01-01 00:40:00,1
2024-01-01 00:40:00,19
2024-01-01 00:40:00,14
2024-01-01 00:40:00,28
2024-01-01 00:40:00,-16
2024-01-01 00:40:00,-20
2024-01-01 00:40:00,9
2024-01-01 00:40:00,-10
2024-01-01 00:40:00,29
2024-01-01 00:40:00,1
2024-01-01 00:40:00,-24
2024-01-01 00:40:00,48
2024-01-01 00:40:00,45
2024-01-01 00:40:00,-28
2024-01-01 00:40:00,33
2024-01-01 00:40:00,24
2024-01-01 00:40:00,5
2024-01-01 00:40:00,6
2024-01-01 00:40:00,13
2024-01-01 00:40:00,35
2024-01-01 00:40:00,-26
2024-01-01 00:40:00,-47
2024-01-01 00:40:00,12
2024-01-01 00:40:00,16
2024-01-01 00:40:00,38
2024-01-01 00:40:00,-32
2024-01-01 00:40:00,-44
2024-01-01 00:40:00,58
2024-01-01 00:40:00,-145
2024-01-01 00:50:00,-4
2024-01-01 00:50:00,7
2024-01-01 00:50:00,22
2024-01-01 00:50:00,16
2024-01-01 00:50:00,7
2024-01-01 00:50:00,18
2024-01-01 00:50:00,11
2024-01-01 00:50:00,-21
2024-01-01 00:50:00,5
2024-01-01 00:50:00,27
2024-01-01 00:50:00,-117
2024-01-01 00:50:00,23
2024-01-01 00:50:00,138
2024-01-01 00:50:00,6
2024-01-01 00:50:00,-143
2024-01-01 00:50:00,-42
2024-01-01 00:50:00,-13
2024-01-01 00:50:00,73
2024-01-01 00:50:00,-73
2024-01-01 00:50:00,21
2024-01-01 00:50:00,-17
2024-01-01 00:50:00,25
2024-01-01 00:50:00,-16
2024-01-01 00:50:00,14
2024-01-01 00:50:00,-27
2024-01-01 00:50:00,-23
2024-01-01 00:50:00,47
2024-01-01 00:50:00,-2
2024-01-01 00:50:00,-2
2024-01-01 00:50:00,-14
2024-01-01 00:50:00,-67
2024-01-01 00:50:00,-55
2024-01-01 00:50:00,14
2024-01-01 00:50:00,17
2024-01-01 00:50:00,-15
2024-01-01 00:50:00,19
2024-01-01 00:50:00,-35
2024-01-01 00:50:00,-17
2024-01-01 00:50:00,-4
2024-01-01 00:50:00,51
2024-01-01 00:50:00,-34
2024-01-01 00:50:00,-14
2024-01-01 00:50:00,-17
2024-01-01 00:50:00,61
2024-01-01 00:50:00,-8
2024-01-01 00:50:00,29
2024-01-01 00:50:00,5
2024-01-01 00:50:00,-5
2024-01-01 00:50:00,179
2024-01-01 00:50:00,-117
2024-01-01 00:50:00,-21
2024-01-01 00:50:00,18
2024-01-01 00:50:00,-189
2024-01-01 00:50:00,-201
2024-01-01 00:50:00,36
2024-01-01 00:50:00,-2
2024-01-01 00:50:00,-31
2024-01-01 00:50:00,-75
2024-01-01 00:50:00,-13
2024-01-01 00:50:00,13
2024-01-01 01:00:00,43
2024-01-01 01:00:00,30
2024-01-01 01:00:00,-19
2024-01-01 01:00:00,6
2024-01-01 01:00:00,-12
2024-01-01 01:00:00,61
2024-01-01 01:00:00,-2
2024-01-01 01:00:00,21
2024-01-01 01:00:00,-7
2024-01-01 01:00:00,-15
2024-01-01 01:00:00,8
2024-01-01 01:00:00,40
2024-01-01 01:00:00,37
2024-01-01 01:00:00,74
2024-01-01 01:00:00,22
2024-01-01 01:00:00,-30
2024-01-01 01:00:00,-99
2024-01-01 01:00:00,56
2024-01-01 01:00:00,11
2024-01-01 01:00:00,17
2024-01-01 01:00:00,10
2024-01-01 01:00:00,10
2024-01-01 01:00:00,19
2024-01-01 01:00:00,-76
2024-01-01 01:00:00,22
2024-01-01 01:00:00,-23
2024-01-01 01:00:00,6
2024-01-01 01:00:00,90
2024-01-01 01:00:00,-24
2024-01-01 01:00:00,4
2024-01-01 01:00:00,-12
2024-01-01 01:00:00,21
2024-01-01 01:00:00,22
2024-01-01 01:00:00,33
2024-01-01 01:00:00,30
2024-01-01 01:00:00,47
2024-01-01 01:00:00,-16
2024-01-01 01:00:00,-2
2024-01-01 01:00:00,-14
2024-01-01 01:00:00,-3
2024-01-01 01:00:00,14
2024-01-01 01:00:00,12
2024-01-01 01:00:00,3
2024-01-01 01:00:00,45
2024-01-01 01:00:00,28
2024-01-01 01:00:00,-23
2024-01-01 01:00:00,12
2024-01-01 01:00:00,8
2024-01-01 01:00:00,113
2024-01-01 01:00:00,13
2024-01-01 01:00:00,-34
2024-01-01 01:00:00,13
2024-01-01 01:00:00,-17
2024-01-01 01:00:00,-26
2024-01-01 01:00:00,20
2024-01-01 01:00:00,18
2024-01-01 01:00:00,-34
2024-01-01 01:00:00,-32
2024-01-01 01:00:00,-52
2024-01-01 01:10:00,7
2024-01-01 01:10:00,-50
2024-01-01 01:10:00,-29
2024-01-01 01:10:00,14
2024-01-01 01:10:00,-6
2024-01-01 01:10:00,11
2024-01-01 01:10:00,-18
2024-01-01 01:10:00,5
2024-01-01 01:10:00,-36
2024-01-01 01:10:00,33
2024-01-01 01:10:00,10
2024-01-01 01:10:00,10
2024-01-01 01:10:00,-6
2024-01-01 01:10:00,19
2024-01-01 01:10:00,9
2024-01-01 01:10:00,2
2024-01-01 01:10:00,36
2024-01-01 01:10:00,-5
2024-01-01 01:10:00,30
2024-01-01 01:10:00,-83
2024-01-01 01:10:00,-44
2024-01-01 01:10:00,11
2024-01-01 01:10:00,66
2024-01-01 01:10:00,-6
2024-01-01 01:10:00,-25
2024-01-01 01:10:00,27
2024-01-01 01:10:00,-55
2024-01-01 01:10:00,37
2024-01-01 01:10:00,18
2024-01-01 01:10:00,9
2024-01-01 01:10:00,49
2024-01-01 01:10:00,27
2024-01-01 01:10:00,-14
2024-01-01 01:10:00,-10
2024-01-01 01:10:00,17
2024-01-01 01:10:00,-44
2024-01-01 01:10:00,17
2024-01-01 01:10:00,24
2024-01-01 01:10:00,21
2024-01-01 01:10:00,-17
2024-01-01 01:10:00,40
2024-01-01 01:10:00,6
2024-01-01 01:10:00,-5
2024-01-01 01:10:00,61
2024-01-01 01:10:00,-193
2024-01-01 01:10:00,24
2024-01-01 01:10:00,35
2024-01-01 01:10:00,-2
2024-01-01 01:10:00,33
2024-01-01 01:10:00,-5
2024-01-01 01:10:00,31
2024-01-01 01:10:00,16
2024-01-01 01:10:00,17
2024-01-01 01:10:00,-56
2024-01-01 01:10:00,95
2024-01-01 01:10:00,-16
2024-01-01 01:10:00,-10
2024-01-01 01:10:00,-34
2024-01-01 01:10:00,8
2024-01-01 01:10:00,-18
2024-01-01 01:20:00,-8
2024-01-01 01:20:00,-7
2024-01-01 01:20:00,1
2024-01-01 01:20:00,-30
2024-01-01 01:20:00,-29
2024-01-01 01:20:00,-12
2024-01-01 01:20:00,28
2024-01-01 01:20:00,13
2024-01-01 01:20:00,-14
2024-01-01 01:20:00,-89
2024-01-01 01:20:00,20
2024-01-01 01:20:00,-11
2024-01-01 01:20:00,-25
2024-01-01 01:20:00,26
2024-01-01 01:20:00,-23
2024-01-01 01:20:00,9
2024-01-01 01:20:00,-14
2024-01-01 01:20:00,-17
2024-01-01 01:20:00,24
2024-01-01 01:20:00,-3
2024-01-01 01:20:00,-8
2024-01-01 01:20:00,-1
2024-01-01 01:20:00,-11
2024-01-01 01:20:00,14
2024-01-01 01:20:00,26
2024-01-01 01:20:00,17
2024-01-01 01:20:00,8
2024-01-01 01:20:00,62
2024-01-01 01:20:00,-87
2024-01-01 01:20:00,-20
2024-01-01 01:20:00,-11
2024-01-01 01:20:00,15
2024-01-01 01:20:00,-42
2024-01-01 01:20:00,-8
2024-01-01 01:20:00,1
2024-01-01 01:20:00,18
2024-01-01 01:20:00,31
2024-01-01 01:20:00,26
2024-01-01 01:20:00,2
2024-01-01 01:20:00,-159
2024-01-01 01:20:00,5
2024-01-01 01:20:00,8
2024-01-01 01:20:00,-14
2024-01-01 01:20:00,49
2024-01-01 01:20:00,-16
2024-01-01 01:20:00,24
2024-01-01 01:20:00,24
2024-01-01 01:20:00,-14
2024-01-01 01:20:00,-15
2024-01-01 01:20:00,2
2024-01-01 01:20:00,35
2024-01-01 01:20:00,20
2024-01-01 01:20:00,14
2024-01-01 01:20:00,9
2024-01-01 01:20:00,32
2024-01-01 01:20:00,-55
2024-01-01 01:20:00,7
2024-01-01 01:20:00,17
2024-01-01 01:20:00,-4
2024-01-01 01:20:00,17
2024-01-01 01:30:00,-3
2024-01-01 01:30:00,1
2024-01-01 01:30:00,-52
2024-01-01 01:30:00,15
2024-01-01 01:30:00,7
2024-01-01 01:30:00,-14
2024-01-01 01:30:00,-182
2024-01-01 01:30:00,-27
2024-01-01 01:30:00,5
2024-01-01 01:30:00,19
2024-01-01 01:30:00,37
2024-01-01 01:30:00,19
2024-01-01 01:30:00,-28
2024-01-01 01:30:00,-6
2024-01-01 01:30:00,-11
2024-01-01 01:30:00,-21
2024-01-01 01:30:00,-4
2024-01-01 01:30:00,25
2024-01-01 01:30:00,-4
2024-01-01 01:30:00,-5
2024-01-01 01:30:00,0
2024-01-01 01:30:00,-22
2024-01-01 01:30:00,-1
2024-01-01 01:30:00,2
2024-01-01 01:30:00,21
2024-01-01 01:30:00,5
2024-01-01 01:30:00,5
2024-01-01 01:30:00,26
2024-01-01 01:30:00,-19
2024-01-01 01:30:00,13
2024-01-01 01:30:00,-18
2024-01-01 01:30:00,-17
2024-01-01 01:30:00,25
2024-01-01 01:30:00,3
2024-01-01 01:30:00,13
2024-01-01 01:30:00,-1
2024-01-01 01:30:00,5
2024-01-01 01:30:00,22
2024-01-01 01:30:00,12
2024-01-01 01:30:00,-15
2024-01-01 01:30:00,8
2024-01-01 01:30:00,-6
2024-01-01 01:30:00,-7
2024-01-01 01:30:00,32
2024-01-01 01:30:00,-21
2024-01-01 01:30:00,-19
2024-01-01 01:30:00,13
2024-01-01 01:30:00,-4
2024-01-01 01:30:00,12
2024-01-01 01:30:00,-19
2024-01-01 01:30:00,45
2024-01-01 01:30:00,34
2024-01-01 01:30:00,-3
2024-01-01 01:30:00,-19
2024-01-01 01:30:00,9
2024-01-01 01:30:00,-131
2024-01-01 01:30:00,43
2024-01-01 01:30:00,19
2024-01-01 01:30:00,-12
2024-01-01 01:30:00,-8
2024-01-01 01:40:00,66
2024-01-01 01:40:00,13
2024-01-01 01:40:00,9
2024-01-01 01:40:00,-38
2024-01-01 01:40:00,-24
2024-01-01 01:40:00,-41
2024-01-01 01:40:00,-2
2024-01-01 01:40:00,-41
2024-01-01 01:40:00,20
2024-01-01 01:40:00,11
2024-01-01 01:40:00,-1
2024-01-01 01:40:00,19
2024-01-01 01:40:00,0
2024-01-01 01:40:00,-5
2024-01-01 01:40:00,-5
2024-01-01 01:40:00,-25
2024-01-01 01:40:00,14
2024-01-01 01:40:00,-4
2024-01-01 01:40:00,14
2024-01-01 01:40:00,11
2024-01-01 01:40:00,1
2024-01-01 01:40:00,16
2024-01-01 01:40:00,-24
2024-01-01 01:40:00,-3
2024-01-01 01:40:00,-1
2024-01-01 01:40:00,8
2024-01-01 01:40:00,-17
2024-01-01 01:40:00,6
2024-01-01 01:40:00,-38
2024-01-01 01:40:00,-111
2024-01-01 01:40:00,-31
2024-01-01 01:40:00,-26
2024-01-01 01:40:00,72
2024-01-01 01:40:00,35
2024-01-01 01:40:00,3
2024-01-01 01:40:00,4
2024-01-01 01:40:00,-10
2024-01-01 01:40:00,70
2024-01-01 01:40:00,39
2024-01-01 01:40:00,0
2024-01-01 01:40:00,4
2024-01-01 01:40:00,-14
2024-01-01 01:40:00,10
2024-01-01 01:40:00,3
2024-01-01 01:40:00,18
2024-01-01 01:40:00,-14
2024-01-01 01:40:00,-61
2024-01-01 01:40:00,17
2024-01-01 01:40:00,-3
2024-01-01 01:40:00,-8
2024-01-01 01:40:00,52
2024-01-01 01:40:00,-10
2024-01-01 01:40:00,9
2024-01-01 01:40:00,0
2024-01-01 01:40:00,52
2024-01-01 01:40:00,-3
2024-01-01 01:40:00,-25
2024-01-01 01:40:00,40
2024-01-01 01:50:00,44
2024-01-01 01:50:00,-48
2024-01-01 01:50:00,-15
2024-01-01 01:50:00,0
2024-01-01 01:50:00,22
2024-01-01 01:50:00,-9
2024-01-01 01:50:00,76
2024-01-01 01:50:00,24
2024-01-01 01:50:00,6
2024-01-01 01:50:00,16
2024-01-01 01:50:00,98
2024-01-01 01:50:00,8
2024-01-01 01:50:00,21
2024-01-01 01:50:00,-44
2024-01-01 01:50:00,-27
2024-01-01 01:50:00,-9
2024-01-01 01:50:00,-14
2024-01-01 01:50:00,5
2024-01-01 01:50:00,13
2024-01-01 01:50:00,46
2024-01-01 01:50:00,47
2024-01-01 01:50:00,-33
2024-01-01 01:50:00,-10
2024-01-01 01:50:00,24
2024-01-01 01:50:00,8
2024-01-01 01:50:00,-90
2024-01-01 01:50:00,15
2024-01-01 01:50:00,4
2024-01-01 01:50:00,-64
2024-01-01 01:50:00,43
2024-01-01 01:50:00,-3
2024-01-01 01:50:00,-8
2024-01-01 01:50:00,-28
2024-01-01 01:50:00,37
2024-01-01 01:50:00,14
2024-01-01 01:50:00,102
2024-01-01 01:50:00,1
2024-01-01 01:50:00,-10
2024-01-01 01:50:00,231
2024-01-01 01:50:00,-57
2024-01-01 01:50:00,-20
2024-01-01 01:50:00,-59
2024-01-01 01:50:00,-26
2024-01-01 01:50:00,12
2024-01-01 01:50:00,42
2024-01-01 01:50:00,13
2024-01-01 01:50:00,21
2024-01-01 01:50:00,3
2024-01-01 01:50:00,71
2024-01-01 01:50:00,11
2024-01-01 01:50:00,29
2024-01-01 01:50:00,-37
2024-01-01 01:50:00,-27
2024-01-01 01:50:00,21
2024-01-01 01:50:00,25
2024-01-01 01:50:00,27
2024-01-01 01:50:00,51
2024-01-01 01:50:00,18
2024-01-01 01:50:00,3
2024-01-01 01:50:00,34
2024-01-01 02:00:00,-106
2024-01-01 02:00:00,38
2024-01-01 02:00:00,1
2024-01-01 02:00:00,6
2024-01-01 02:00:00,0
2024-01-01 02:00:00,-12
2024-01-01 02:00:00,28
2024-01-01 02:00:00,50
2024-01-01 02:00:00,-27
2024-01-01 02:00:00,-1
2024-01-01 02:00:00,-21
2024-01-01 02:00:00,-31
2024-01-01 02:00:00,10
2024-01-01 02:00:00,-31
2024-01-01 02:00:00,-19
2024-01-01 02:00:00,38
2024-01-01 02:00:00,-7
2024-01-01 02:00:00,-11
2024-01-01 02:00:00,-66
2024-01-01 02:00:00,-14
2024-01-01 02:00:00,-18
2024-01-01 02:00:00,19
2024-01-01 02:00:00,8
2024-01-01 02:00:00,-4
2024-01-01 02:00:00,-11
2024-01-01 02:00:00,-15
2024-01-01 02:00:00,-21
2024-01-01 02:00:00,34
2024-01-01 02:00:00,-9
2024-01-01 02:00:00,-17
2024-01-01 02:00:00,-39
2024-01-01 02:00:00,-30
2024-01-01 02:00:00,-34
2024-01-01 02:00:00,4
2024-01-01 02:00:00,-11
2024-01-01 02:00:00,-24
2024-01-01 02:00:00,-20
2024-01-01 02:00:00,25
2024-01-01 02:00:00,65
2024-01-01 02:00:00,10
2024-01-01 02:00:00,13
2024-01-01 02:00:00,4
2024-01-01 02:00:00,-15
2024-01-01 02:00:00,-33
2024-01-01 02:00:00,-10
2024-01-01 02:00:00,29
2024-01-01 02:00:00,-9
2024-01-01 02:00:00,-14
2024-01-01 02:00:00,45
2024-01-01 02:00:00,-25
2024-01-01 02:00:00,-31
2024-01-01 02:00:00,-3
2024-01-01 02:00:00,10
2024-01-01 02:00:00,-35
2024-01-01 02:00:00,13
2024-01-01 02:00:00,-5
2024-01-01 02:00:00,27
2024-01-01 02:00:00,-7
2024-01-01 02:00:00,-35
2024-01-01 02:00:00,18
2024-01-01 02:10:00,-8
2024-01-01 02:10:00,-15
2024-01-01 02:10:00,9
2024-01-01 02:10:00,32
2024-01-01 02:10:00,26
2024-01-01 02:10:00,22
2024-01-01 02:10:00,-2
2024-01-01 02:10:00,2
2024-01-01 02:10:00,4
2024-01-01 02:10:00,20
2024-01-01 02:10:00,-39
2024-01-01 02:10:00,59
2024-01-01 02:10:00,-11
2024-01-01 02:10:00,2
2024-01-01 02:10:00,-13
2024-01-01 02:10:00,76
2024-01-01 02:10:00,-4
2024-01-01 02:10:00,14
2024-01-01 02:10:00,-32
2024-01-01 02:10:00,-68
2024-01-01 02:10:00,76
2024-01-01 02:10:00,-11
2024-01-01 02:10:00,-67
2024-01-01 02:10:00,-45
2024-01-01 02:10:00,16
2024-01-01 02:10:00,-42
2024-01-01 02:10:00,34
2024-01-01 02:10:00,15
2024-01-01 02:10:00,15
2024-01-01 02:10:00,6
2024-01-01 02:10:00,-101
2024-01-01 02:10:00,-15
2024-01-01 02:10:00,32
2024-01-01 02:10:00,-21
2024-01-01 02:10:00,34
2024-01-01 02:10:00,7
2024-01-01 02:10:00,-12
2024-01-01 02:10:00,110
2024-01-01 02:10:00,-26
2024-01-01 02:10:00,-16
2024-01-01 02:10:00,-1
2024-01-01 02:10:00,30
2024-01-01 02:10:00,10
2024-01-01 02:10:00,-24
2024-01-01 02:10:00,52
2024-01-01 02:10:00,21
2024-01-01 02:10:00,-18
2024-01-01 02:10:00,65
2024-01-01 02:10:00,-5
2024-01-01 02:10:00,-15
2024-01-01 02:10:00,-27
2024-01-01 02:10:00,44
2024-01-01 02:10:00,-56
2024-01-01 02:10:00,-14
2024-01-01 02:10:00,2
2024-01-01 02:10:00,15
2024-01-01 02:10:00,-85
2024-01-01 02:10:00,-10
2024-01-01 02:10:00,-207
2024-01-01 02:10:00,15
2024-01-01 02:20:00,27
2024-01-01 02:20:00,25
2024-01-01 02:20:00,15
2024-01-01 02:20:00,37
2024-01-01 02:20:00,-57
2024-01-01 02:20:00,-24
2024-01-01 02:20:00,38
2024-01-01 02:20:00,1
2024-01-01 02:20:00,16
2024-01-01 02:20:00,-48
2024-01-01 02:20:00,30
2024-01-01 02:20:00,-192
2024-01-01 02:20:00,30
2024-01-01 02:20:00,68
2024-01-01 02:20:00,12
2024-01-01 02:20:00,8
2024-01-01 02:20:00,-52
2024-01-01 02:20:00,2
2024-01-01 02:20:00,8
2024-01-01 02:20:00,41
2024-01-01 02:20:00,21
2024-01-01 02:20:00,49
2024-01-01 02:20:00,-32
2024-01-01 02:20:00,-46
2024-01-01 02:20:00,10
2024-01-01 02:20:00,44
2024-01-01 02:20:00,8
2024-01-01 02:20:00,34
2024-01-01 02:20:00,-1
2024-01-01 02:20:00,20
2024-01-01 02:20:00,17
2024-01-01 02:20:00,6
2024-01-01 02:20:00,-25
2024-01-01 02:20:00,-54
2024-01-01 02:20:00,13
2024-01-01 02:20:00,10
2024-01-01 02:20:00,-31
2024-01-01 02:20:00,-7
2024-01-01 02:20:00,-5
2024-01-01 02:20:00,25
2024-01-01 02:20:00,64
2024-01-01 02:20:00,23
2024-01-01 02:20:00,-41
2024-01-01 02:20:00,-74
2024-01-01 02:20:00,-5
2024-01-01 02:20:00,-43
2024-01-01 02:20:00,-16
2024-01-01 02:20:00,28
2024-01-01 02:20:00,-10
2024-01-01 02:20:00,21
2024-01-01 02:20:00,15
2024-01-01 02:20:00,87
2024-01-01 02:20:00,11
2024-01-01 02:20:00,56
2024-01-01 02:20:00,-44
2024-01-01 02:20:00,-34
2024-01-01 02:20:00,-17
2024-01-01 02:20:00,24
2024-01-01 02:20:00,38
2024-01-01 02:30:00,-166
2024-01-01 02:30:00,13
2024-01-01 02:30:00,-5
2024-01-01 02:30:00,30
2024-01-01 02:30:00,-53
2024-01-01 02:30:00,-12
2024-01-01 02:30:00,19
2024-01-01 02:30:00,-23
2024-01-01 02:30:00,31
2024-01-01 02:30:00,-9
2024-01-01 02:30:00,-14
2024-01-01 02:30:00,-88
2024-01-01 02:30:00,33
2024-01-01 02:30:00,31
2024-01-01 02:30:00,-19
2024-01-01 02:30:00,153
2024-01-01 02:30:00,56
2024-01-01 02:30:00,-11
2024-01-01 02:30:00,-49
2024-01-01 02:30:00,-32
2024-01-01 02:30:00,-8
2024-01-01 02:30:00,-10
2024-01-01 02:30:00,-14
2024-01-01 02:30:00,0
2024-01-01 02:30:00,-31
2024-01-01 02:30:00,-20
2024-01-01 02:30:00,8
2024-01-01 02:30:00,6
2024-01-01 02:30:00,1
2024-01-01 02:30:00,32
2024-01-01 02:30:00,18
2024-01-01 02:30:00,5
2024-01-01 02:30:00,-13
2024-01-01 02:30:00,1
2024-01-01 02:30:00,-6
2024-01-01 02:30:00,38
2024-01-01 02:30:00,0
2024-01-01 02:30:00,50
2024-01-01 02:30:00,2
2024-01-01 02:30:00,-26
2024-01-01 02:30:00,108
2024-01-01 02:30:00,15
2024-01-01 02:30:00,-40
2024-01-01 02:30:00,35
2024-01-01 02:30:00,-28
2024-01-01 02:30:00,-100
2024-01-01 02:30:00,35
2024-01-01 02:30:00,-33
2024-01-01 02:30:00,11
2024-01-01 02:30:00,65
2024-01-01 02:30:00,22
2024-01-01 02:30:00,-12
2024-01-01 02:30:00,-15
2024-01-01 02:30:00,73
2024-01-01 02:30:00,-70
2024-01-01 02:30:00,62
2024-01-01 02:30:00,-14
2024-01-01 02:30:00,31
2024-01-01 02:30:00,0
2024-01-01 02:30:00,51
2024-01-01 02:40:00,24
2024-01-01 02:40:00,11
2024-01-01 02:40:00,-13
2024-01-01 02:40:00,-28
2024-01-01 02:40:00,26
2024-01-01 02:40:00,2
2024-01-01 02:40:00,82
2024-01-01 02:40:00,25
2024-01-01 02:40:00,26
2024-01-01 02:40:00,1
2024-01-01 02:40:00,-65
2024-01-01 02:40:00,50
2024-01-01 02:40:00,-33
2024-01-01 02:40:00,16
2024-01-01 02:40:00,42
2024-01-01 02:40:00,-60
2024-01-01 02:40:00,-44
2024-01-01 02:40:00,-18
2024-01-01 02:40:00,11
2024-01-01 02:40:00,30
2024-01-01 02:40:00,-73
2024-01-01 02:40:00,-21
2024-01-01 02:40:00,-114
2024-01-01 02:40:00,-21
2024-01-01 02:40:00,85
2024-01-01 02:40:00,-8
2024-01-01 02:40:00,-8
2024-01-01 02:40:00,36
2024-01-01 02:40:00,-11
2024-01-01 02:40:00,24
2024-01-01 02:40:00,-34
2024-01-01 02:40:00,-26
2024-01-01 02:40:00,-166
2024-01-01 02:40:00,-7
2024-01-01 02:40:00,26
2024-01-01 02:40:00,-24
2024-01-01 02:40:00,56
2024-01-01 02:40:00,48
2024-01-01 02:40:00,10
2024-01-01 02:40:00,12
2024-01-01 02:40:00,-60
2024-01-01 02:40:00,-28
2024-01-01 02:40:00,15
2024-01-01 02:40:00,21
2024-01-01 02:40:00,-217
2024-01-01 02:40:00,-77
2024-01-01 02:40:00,17
2024-01-01 02:40:00,27
2024-01-01 02:40:00,16
2024-01-01 02:40:00,2
2024-01-01 02:40:00,15
2024-01-01 02:40:00,0
2024-01-01 02:40:00,-14
2024-01-01 02:40:00,65
2024-01-01 02:40:00,-86
2024-01-01 02:40:00,-138
2024-01-01 02:40:00,-36
2024-01-01 02:40:00,2
2024-01-01 02:40:00,-46
2024-01-01 02:40:00,-12
2024-01-01 02:50:00,25
2024-01-01 02:50:00,4
2024-01-01 02:50:00,16
2024-01-01 02:50:00,-13
2024-01-01 02:50:00,-11
2024-01-01 02:50:00,32
2024-01-01 02:50:00,-34
2024-01-01 02:50:00,24
2024-01-01 02:50:00,1
2024-01-01 02:50:00,-34
2024-01-01 02:50:00,-43
2024-01-01 02:50:00,0
2024-01-01 02:50:00,-133
2024-01-01 02:50:00,9
2024-01-01 02:50:00,-2
2024-01-01 02:50:00,43
2024-01-01 02:50:00,82
2024-01-01 02:50:00,15
2024-01-01 02:50:00,-9
2024-01-01 02:50:00,5
2024-01-01 02:50:00,-15
2024-01-01 02:50:00,-103
2024-01-01 02:50:00,-10
2024-01-01 02:50:00,-48
2024-01-01 02:50:00,62
2024-01-01 02:50:00,53
2024-01-01 02:50:00,45
2024-01-01 02:50:00,18
2024-01-01 02:50:00,-32
2024-01-01 02:50:00,-97
2024-01-01 02:50:00,56
2024-01-01 02:50:00,-37
2024-01-01 02:50:00,33
2024-01-01 02:50:00,32
2024-01-01 02:50:00,-101
2024-01-01 02:50:00,18
2024-01-01 02:50:00,-21
2024-01-01 02:50:00,42
2024-01-01 02:50:00,10
2024-01-01 02:50:00,-7
2024-01-01 02:50:00,19
2024-01-01 02:50:00,-3
2024-01-01 02:50:00,81
2024-01-01 02:50:00,35
2024-01-01 02:50:00,-23
2024-01-01 02:50:00,17
2024-01-01 02:50:00,-42
2024-01-01 02:50:00,-52
2024-01-01 02:50:00,-4
2024-01-01 02:50:00,-169
2024-01-01 02:50:00,-15
2024-01-01 02:50:00,-30
2024-01-01 02:50:00,26
2024-01-01 02:50:00,22
2024-01-01 02:50:00,-81
2024-01-01 02:50:00,-37
2024-01-01 02:50:00,-141
2024-01-01 02:50:00,43
2024-01-01 02:50:00,160
2024-01-01 03:00:00,-30
2024-01-01 03:00:00,-27
2024-01-01 03:00:00,17
2024-01-01 03:00:00,-122
2024-01-01 03:00:00,17
2024-01-01 03:00:00,-1
2024-01-01 03:00:00,-13
2024-01-01 03:00:00,-19
2024-01-01 03:00:00,-19
2024-01-01 03:00:00,-11
2024-01-01 03:00:00,-11
2024-01-01 03:00:00,184
2024-01-01 03:00:00,-112
2024-01-01 03:00:00,18
2024-01-01 03:00:00,6
2024-01-01 03:00:00,-14
2024-01-01 03:00:00,11
2024-01-01 03:00:00,-2
2024-01-01 03:00:00,36
2024-01-01 03:00:00,46
2024-01-01 03:00:00,60
2024-01-01 03:00:00,8
2024-01-01 03:00:00,-25
2024-01-01 03:00:00,16
2024-01-01 03:00:00,118
2024-01-01 03:00:00,72
2024-01-01 03:00:00,-10
2024-01-01 03:00:00,-182
2024-01-01 03:00:00,-20
2024-01-01 03:00:00,12
2024-01-01 03:00:00,25
2024-01-01 03:00:00,35
2024-01-01 03:00:00,18
2024-01-01 03:00:00,71
2024-01-01 03:00:00,-26
2024-01-01 03:00:00,16
2024-01-01 03:00:00,39
2024-01-01 03:00:00,32
2024-01-01 03:00:00,-53
2024-01-01 03:00:00,-11
2024-01-01 03:00:00,-24
2024-01-01 03:00:00,98
2024-01-01 03:00:00,32
2024-01-01 03:00:00,59
2024-01-01 03:00:00,-20
2024-01-01 03:00:00,28
2024-01-01 03:00:00,27
2024-01-01 03:00:00,-35
2024-01-01 03:00:00,-15
2024-01-01 03:00:00,4
2024-01-01 03:00:00,1
2024-01-01 03:00:00,-20
2024-01-01 03:00:00,5
2024-01-01 03:00:00,21
2024-01-01 03:00:00,-50
2024-01-01 03:00:00,6
2024-01-01 03:00:00,-259
2024-01-01 03:00:00,30
2024-01-01 03:00:00,17
2024-01-01 03:00:00,37
2024-01-01 03:10:00,18
2024-01-01 03:10:00,3
2024-01-01 03:10:00,6
2024-01-01 03:10:00,-17
2024-01-01 03:10:00,1
2024-01-01 03:10:00,-1
2024-01-01 03:10:00,39
2024-01-01 03:10:00,15
2024-01-01 03:10:00,-4
2024-01-01 03:10:00,35
2024-01-01 03:10:00,22
2024-01-01 03:10:00,-26
2024-01-01 03:10:00,19
2024-01-01 03:10:00,-24
2024-01-01 03:10:00,19
2024-01-01 03:10:00,100
2024-01-01 03:10:00,16
2024-01-01 03:10:00,12
2024-01-01 03:10:00,13
2024-01-01 03:10:00,9
2024-01-01 03:10:00,37
2024-01-01 03:10:00,-21
2024-01-01 03:10:00,6
2024-01-01 03:10:00,24
2024-01-01 03:10:00,-45
2024-01-01 03:10:00,-35
2024-01-01 03:10:00,-72
2024-01-01 03:10:00,5
2024-01-01 03:10:00,48
2024-01-01 03:10:00,-26
2024-01-01 03:10:00,119
2024-01-01 03:10:00,-5
2024-01-01 03:10:00,31
2024-01-01 03:10:00,-15
2024-01-01 03:10:00,43
2024-01-01 03:10:00,-105
2024-01-01 03:10:00,-105
2024-01-01 03:10:00,-10
2024-01-01 03:10:00,17
2024-01-01 03:10:00,43
2024-01-01 03:10:00,1
2024-01-01 03:10:00,202
2024-01-01 03:10:00,1
2024-01-01 03:10:00,47
2024-01-01 03:10:00,-9
2024-01-01 03:10:00,2
2024-01-01 03:10:00,-6
2024-01-01 03:10:00,2
2024-01-01 03:10:00,22
2024-01-01 03:10:00,65
2024-01-01 03:10:00,34
2024-01-01 03:10:00,35
2024-01-01 03:10:00,-67
2024-01-01 03:10:00,-3
2024-01-01 03:10:00,40
2024-01-01 03:10:00,8
2024-01-01 03:10:00,14
2024-01-01 03:10:00,-60
2024-01-01 03:10:00,69
2024-01-01 03:10:00,17
2024-01-01 03:20:00,4
2024-01-01 03:20:00,-246
2024-01-01 03:20:00,77
2024-01-01 03:20:00,8
2024-01-01 03:20:00,-7
2024-01-01 03:20:00,23
2024-01-01 03:20:00,64
2024-01-01 03:20:00,-102
2024-01-01 03:20:00,-16
2024-01-01 03:20:00,-230
2024-01-01 03:20:00,-4
2024-01-01 03:20:00,87
2024-01-01 03:20:00,1
2024-01-01 03:20:00,-212
2024-01-01 03:20:00,15
2024-01-01 03:20:00,12
2024-01-01 03:20:00,41
2024-01-01 03:20:00,-5
2024-01-01 03:20:00,-20
2024-01-01 03:20:00,21
2024-01-01 03:20:00,-7
2024-01-01 03:20:00,1
2024-01-01 03:20:00,-114
2024-01-01 03:20:00,-11
2024-01-01 03:20:00,2
2024-01-01 03:20:00,6
2024-01-01 03:20:00,-36
2024-01-01 03:20:00,0
2024-01-01 03:20:00,12
2024-01-01 03:20:00,12
2024-01-01 03:20:00,-16
2024-01-01 03:20:00,20
2024-01-01 03:20:00,-13
2024-01-01 03:20:00,-17
2024-01-01 03:20:00,-3
2024-01-01 03:20:00,-3
2024-01-01 03:20:00,12
2024-01-01 03:20:00,24
2024-01-01 03:20:00,55
2024-01-01 03:20:00,8
2024-01-01 03:20:00,102
2024-01-01 03:20:00,13
2024-01-01 03:20:00,-10
2024-01-01 03:20:00,6
2024-01-01 03:20:00,20
2024-01-01 03:20:00,31
2024-01-01 03:20:00,-43
2024-01-01 03:20:00,-5
2024-01-01 03:20:00,-40
2024-01-01 03:20:00,-35
2024-01-01 03:20:00,-8
2024-01-01 03:20:00,-142
2024-01-01 03:20:00,-198
2024-01-01 03:20:00,8
2024-01-01 03:20:00,-9
2024-01-01 03:20:00,57
2024-01-01 03:20:00,4
2024-01-01 03:20:00,16
2024-01-01 03:20:00,14
2024-01-01 03:30:00,28
2024-01-01 03:30:00,95
2024-01-01 03:30:00,15
2024-01-01 03:30:00,29
2024-01-01 03:30:00,-23
2024-01-01 03:30:00,21
2024-01-01 03:30:00,-6
2024-01-01 03:30:00,-6
2024-01-01 03:30:00,4
2024-01-01 03:30:00,1
2024-01-01 03:30:00,52
2024-01-01 03:30:00,7
2024-01-01 03:30:00,-104
2024-01-01 03:30:00,-5
2024-01-01 03:30:00,-6
2024-01-01 03:30:00,13
2024-01-01 03:30:00,3
2024-01-01 03:30:00,8
2024-01-01 03:30:00,22
2024-01-01 03:30:00,-5
2024-01-01 03:30:00,-1
2024-01-01 03:30:00,1
2024-01-01 03:30:00,25
2024-01-01 03:30:00,-31
2024-01-01 03:30:00,-205
2024-01-01 03:30:00,49
2024-01-01 03:30:00,-21
2024-01-01 03:30:00,13
2024-01-01 03:30:00,9
2024-01-01 03:30:00,-76
2024-01-01 03:30:00,-27
2024-01-01 03:30:00,15
2024-01-01 03:30:00,-4
2024-01-01 03:30:00,16
2024-01-01 03:30:00,-16
2024-01-01 03:30:00,-36
2024-01-01 03:30:00,33
2024-01-01 03:30:00,-3
2024-01-01 03:30:00,11
2024-01-01 03:30:00,-198
2024-01-01 03:30:00,64
2024-01-01 03:30:00,-3
2024-01-01 03:30:00,-18
2024-01-01 03:30:00,33
2024-01-01 03:30:00,-38
2024-01-01 03:30:00,16
2024-01-01 03:30:00,-13
2024-01-01 03:30:00,-14
2024-01-01 03:30:00,38
2024-01-01 03:30:00,-56
2024-01-01 03:30:00,-35
2024-01-01 03:30:00,4
2024-01-01 03:30:00,-207
2024-01-01 03:30:00,44
2024-01-01 03:30:00,-26
2024-01-01 03:30:00,21
2024-01-01 03:30:00,-8
2024-01-01 03:30:00,6
2024-01-01 03:40:00,3
2024-01-01 03:40:00,-1
2024-01-01 03:40:00,-11
2024-01-01 03:40:00,-4
2024-01-01 03:40:00,10
2024-01-01 03:40:00,18
2024-01-01 03:40:00,-22
2024-01-01 03:40:00,2
2024-01-01 03:40:00,8
2024-01-01 03:40:00,10
2024-01-01 03:40:00,-2
2024-01-01 03:40:00,27
2024-01-01 03:40:00,50
2024-01-01 03:40:00,-32
2024-01-01 03:40:00,-99
2024-01-01 03:40:00,23
2024-01-01 03:40:00,17
2024-01-01 03:40:00,21
2024-01-01 03:40:00,47
2024-01-01 03:40:00,-10
2024-01-01 03:40:00,6
2024-01-01 03:40:00,8
2024-01-01 03:40:00,-14
2024-01-01 03:40:00,-35
2024-01-01 03:40:00,-10
2024-01-01 03:40:00,12
2024-01-01 03:40:00,-3
2024-01-01 03:40:00,-5
2024-01-01 03:40:00,97
2024-01-01 03:40:00,-16
2024-01-01 03:40:00,9
2024-01-01 03:40:00,-15
2024-01-01 03:40:00,24
2024-01-01 03:40:00,21
2024-01-01 03:40:00,82
2024-01-01 03:40:00,-2
2024-01-01 03:40:00,40
2024-01-01 03:40:00,31
2024-01-01 03:40:00,-32
2024-01-01 03:40:00,16
2024-01-01 03:40:00,42
2024-01-01 03:40:00,-17
2024-01-01 03:40:00,-209
2024-01-01 03:40:00,-72
2024-01-01 03:40:00,3
2024-01-01 03:40:00,-8
2024-01-01 03:40:00,6
2024-01-01 03:40:00,-14
2024-01-01 03:40:00,0
2024-01-01 03:40:00,4
2024-01-01 03:40:00,-11
2024-01-01 03:40:00,58
2024-01-01 03:40:00,55
2024-01-01 03:40:00,-5
2024-01-01 03:40:00,15
2024-01-01 03:40:00,-32
2024-01-01 03:40:00,-14
2024-01-01 03:40:00,2
2024-01-01 03:40:00,32
2024-01-01 03:50:00,22
2024-01-01 03:50:00,43
2024-01-01 03:50:00,36
2024-01-01 03:50:00,7
2024-01-01 03:50:00,-29
2024-01-01 03:50:00,-29
2024-01-01 03:50:00,54
2024-01-01 03:50:00,14
2024-01-01 03:50:00,32
2024-01-01 03:50:00,-21
2024-01-01 03:50:00,-22
2024-01-01 03:50:00,37
2024-01-01 03:50:00,52
2024-01-01 03:50:00,1
2024-01-01 03:50:00,66
2024-01-01 03:50:00,-28
2024-01-01 03:50:00,16
2024-01-01 03:50:00,11
2024-01-01 03:50:00,-21
2024-01-01 03:50:00,54
2024-01-01 03:50:00,-5
2024-01-01 03:50:00,45
2024-01-01 03:50:00,-41
2024-01-01 03:50:00,13
2024-01-01 03:50:00,10
2024-01-01 03:50:00,-1
2024-01-01 03:50:00,34
2024-01-01 03:50:00,33
2024-01-01 03:50:00,21
2024-01-01 03:50:00,-31
2024-01-01 03:50:00,-5
2024-01-01 03:50:00,34
2024-01-01 03:50:00,13
2024-01-01 03:50:00,44
2024-01-01 03:50:00,43
2024-01-01 03:50:00,44
2024-01-01 03:50:00,6
2024-01-01 03:50:00,221
2024-01-01 03:50:00,38
2024-01-01 03:50:00,6
2024-01-01 03:50:00,11
2024-01-01 03:50:00,-24
2024-01-01 03:50:00,44
2024-01-01 03:50:00,5
2024-01-01 03:50:00,-38
2024-01-01 03:50:00,12
2024-01-01 03:50:00,-42
2024-01-01 03:50:00,61
2024-01-01 03:50:00,-32
2024-01-01 03:50:00,19
2024-01-01 03:50:00,10
2024-01-01 03:50:00,40
2024-01-01 03:50:00,26
2024-01-01 03:50:00,11
2024-01-01 03:50:00,46
2024-01-01 03:50:00,52
2024-01-01 03:50:00,19
2024-01-01 03:50:00,-11
2024-01-01 03:50:00,-19
2024-01-01 03:50:00,78
2024-01-01 04:00:00,6
2024-01-01 04:00:00,-47
2024-01-01 04:00:00,-22
2024-01-01 04:00:00,-83
2024-01-01 04:00:00,-37
2024-01-01 04:00:00,-12
2024-01-01 04:00:00,63
2024-01-01 04:00:00,-151
2024-01-01 04:00:00,-17
2024-01-01 04:00:00,-20
2024-01-01 04:00:00,3
2024-01-01 04:00:00,-20
2024-01-01 04:00:00,52
2024-01-01 04:00:00,-16
2024-01-01 04:00:00,-31
2024-01-01 04:00:00,-41
2024-01-01 04:00:00,-35
2024-01-01 04:00:00,41
2024-01-01 04:00:00,4
2024-01-01 04:00:00,-143
2024-01-01 04:00:00,-93
2024-01-01 04:00:00,-32
2024-01-01 04:00:00,2
2024-01-01 04:00:00,48
2024-01-01 04:00:00,-63
2024-01-01 04:00:00,55
2024-01-01 04:00:00,6
2024-01-01 04:00:00,29
2024-01-01 04:00:00,105
2024-01-01 04:00:00,61
2024-01-01 04:00:00,-29
2024-01-01 04:00:00,67
2024-01-01 04:00:00,-17
2024-01-01 04:00:00,16
2024-01-01 04:00:00,-4
2024-01-01 04:00:00,30
2024-01-01 04:00:00,17
2024-01-01 04:00:00,3
2024-01-01 04:00:00,20
2024-01-01 04:00:00,-15
2024-01-01 04:00:00,0
2024-01-01 04:00:00,5
2024-01-01 04:00:00,-38
2024-01-01 04:00:00,35
2024-01-01 04:00:00,-18
2024-01-01 04:00:00,50
2024-01-01 04:00:00,-6
2024-01-01 04:00:00,-9
2024-01-01 04:00:00,0
2024-01-01 04:00:00,-269
2024-01-01 04:00:00,69
2024-01-01 04:00:00,17
2024-01-01 04:00:00,-6
2024-01-01 04:00:00,-8
2024-01-01 04:00:00,14
2024-01-01 04:00:00,3
2024-01-01 04:00:00,1
2024-01-01 04:00:00,-56
2024-01-01 04:00:00,-47
2024-01-01 04:10:00,90
2024-01-01 04:10:00,-51
2024-01-01 04:10:00,28
2024-01-01 04:10:00,43
2024-01-01 04:10:00,-169
2024-01-01 04:10:00,20
2024-01-01 04:10:00,-2
2024-01-01 04:10:00,3
2024-01-01 04:10:00,-112
2024-01-01 04:10:00,17
2024-01-01 04:10:00,-8
2024-01-01 04:10:00,-8
2024-01-01 04:10:00,0
2024-01-01 04:10:00,-13
2024-01-01 04:10:00,67
2024-01-01 04:10:00,-34
2024-01-01 04:10:00,-3
2024-01-01 04:10:00,10
2024-01-01 04:10:00,42
2024-01-01 04:10:00,-23
2024-01-01 04:10:00,-26
2024-01-01 04:10:00,15
2024-01-01 04:10:00,7
2024-01-01 04:10:00,0
2024-01-01 04:10:00,39
2024-01-01 04:10:00,17
2024-01-01 04:10:00,5
2024-01-01 04:10:00,25
2024-01-01 04:10:00,32
2024-01-01 04:10:00,8
2024-01-01 04:10:00,-248
2024-01-01 04:10:00,-9
2024-01-01 04:10:00,27
2024-01-01 04:10:00,36
2024-01-01 04:10:00,33
2024-01-01 04:10:00,151
2024-01-01 04:10:00,-9
2024-01-01 04:10:00,-11
2024-01-01 04:10:00,30
2024-01-01 04:10:00,10
2024-01-01 04:10:00,-5
2024-01-01 04:10:00,-10
2024-01-01 04:10:00,-19
2024-01-01 04:10:00,-23
2024-01-01 04:10:00,9
2024-01-01 04:10:00,16
2024-01-01 04:10:00,2
2024-01-01 04:10:00,3
2024-01-01 04:10:00,33
2024-01-01 04:10:00,-282
2024-01-01 04:10:00,-15
2024-01-01 04:10:00,-23
2024-01-01 04:10:00,-96
2024-01-01 04:10:00,9
2024-01-01 04:10:00,-8
2024-01-01 04:10:00,-23
2024-01-01 04:10:00,8
2024-01-01 04:10:00,24
2024-01-01 04:10:00,8
2024-01-01 04:10:00,-4
2024-01-01 04:20:00,37
2024-01-01 04:20:00,211
2024-01-01 04:20:00,238
2024-01-01 04:20:00,-73
2024-01-01 04:20:00,-8
2024-01-01 04:20:00,22
2024-01-01 04:20:00,-6
2024-01-01 04:20:00,-165
2024-01-01 04:20:00,23
2024-01-01 04:20:00,-10
2024-01-01 04:20:00,101
2024-01-01 04:20:00,-25
2024-01-01 04:20:00,-26
2024-01-01 04:20:00,63
2024-01-01 04:20:00,-27
2024-01-01 04:20:00,-20
2024-01-01 04:20:00,57
2024-01-01 04:20:00,-9
2024-01-01 04:20:00,-29
2024-01-01 04:20:00,12
2024-01-01 04:20:00,23
2024-01-01 04:20:00,17
2024-01-01 04:20:00,-2
2024-01-01 04:20:00,-9
2024-01-01 04:20:00,27
2024-01-01 04:20:00,-9
2024-01-01 04:20:00,-109
2024-01-01 04:20:00,-4
2024-01-01 04:20:00,11
2024-01-01 04:20:00,-4
2024-01-01 04:20:00,-204
2024-01-01 04:20:00,14
2024-01-01 04:20:00,-3
2024-01-01 04:20:00,24
2024-01-01 04:20:00,30
2024-01-01 04:20:00,57
2024-01-01 04:20:00,-214
2024-01-01 04:20:00,-55
2024-01-01 04:20:00,2
2024-01-01 04:20:00,-141
2024-01-01 04:20:00,11
2024-01-01 04:20:00,-1
2024-01-01 04:20:00,12
2024-01-01 04:20:00,-219
2024-01-01 04:20:00,27
2024-01-01 04:20:00,-23
2024-01-01 04:20:00,0
2024-01-01 04:20:00,37
2024-01-01 04:20:00,15
2024-01-01 04:20:00,20
2024-01-01 04:20:00,21
2024-01-01 04:20:00,12
2024-01-01 04:20:00,-293
2024-01-01 04:20:00,3
2024-01-01 04:20:00,-19
2024-01-01 04:20:00,-16
2024-01-01 04:20:00,35
2024-01-01 04:20:00,-12
2024-01-01 04:30:00,11
2024-01-01 04:30:00,-44
2024-01-01 04:30:00,-19
2024-01-01 04:30:00,-8
2024-01-01 04:30:00,-73
2024-01-01 04:30:00,37
2024-01-01 04:30:00,-3
2024-01-01 04:30:00,69
2024-01-01 04:30:00,10
2024-01-01 04:30:00,18
2024-01-01 04:30:00,8
2024-01-01 04:30:00,115
2024-01-01 04:30:00,63
2024-01-01 04:30:00,-23
2024-01-01 04:30:00,-5
2024-01-01 04:30:00,2
2024-01-01 04:30:00,2
2024-01-01 04:30:00,-13
2024-01-01 04:30:00,25
2024-01-01 04:30:00,35
2024-01-01 04:30:00,-11
2024-01-01 04:30:00,65
2024-01-01 04:30:00,8
2024-01-01 04:30:00,7
2024-01-01 04:30:00,-29
2024-01-01 04:30:00,18
2024-01-01 04:30:00,10
2024-01-01 04:30:00,39
2024-01-01 04:30:00,11
2024-01-01 04:30:00,0
2024-01-01 04:30:00,-9
2024-01-01 04:30:00,14
2024-01-01 04:30:00,7
2024-01-01 04:30:00,64
2024-01-01 04:30:00,-12
2024-01-01 04:30:00,-11
2024-01-01 04:30:00,-10
2024-01-01 04:30:00,96
2024-01-01 04:30:00,-30
2024-01-01 04:30:00,-29
2024-01-01 04:30:00,15
2024-01-01 04:30:00,32
2024-01-01 04:30:00,24
2024-01-01 04:30:00,36
2024-01-01 04:30:00,-18
2024-01-01 04:30:00,-31
2024-01-01 04:30:00,50
2024-01-01 04:30:00,-5
2024-01-01 04:30:00,-9
2024-01-01 04:30:00,56
2024-01-01 04:30:00,-17
2024-01-01 04:30:00,-23
2024-01-01 04:30:00,35
2024-01-01 04:30:00,-20
2024-01-01 04:30:00,15
2024-01-01 04:30:00,8
2024-01-01 04:30:00,-41
2024-01-01 04:30:00,75
2024-01-01 04:30:00,25
2024-01-01 04:30:00,-15
2024-01-01 04:40:00,33
2024-01-01 04:40:00,6
2024-01-01 04:40:00,-3
2024-01-01 04:40:00,20
2024-01-01 04:40:00,-14
2024-01-01 04:40:00,7
2024-01-01 04:40:00,11
2024-01-01 04:40:00,-2
2024-01-01 04:40:00,-54
2024-01-01 04:40:00,36
2024-01-01 04:40:00,1
2024-01-01 04:40:00,-44
2024-01-01 04:40:00,-22
2024-01-01 04:40:00,2
2024-01-01 04:40:00,34
2024-01-01 04:40:00,-36
2024-01-01 04:40:00,19
2024-01-01 04:40:00,-15
2024-01-01 04:40:00,-15
2024-01-01 04:40:00,0
2024-01-01 04:40:00,76
2024-01-01 04:40:00,2
2024-01-01 04:40:00,42
2024-01-01 04:40:00,14
2024-01-01 04:40:00,-14
2024-01-01 04:40:00,-34
2024-01-01 04:40:00,8
2024-01-01 04:40:00,12
2024-01-01 04:40:00,14
2024-01-01 04:40:00,20
2024-01-01 04:40:00,-6
2024-01-01 04:40:00,-11
2024-01-01 04:40:00,-41
2024-01-01 04:40:00,26
2024-01-01 04:40:00,11
2024-01-01 04:40:00,7
2024-01-01 04:40:00,-45
2024-01-01 04:40:00,-3
2024-01-01 04:40:00,22
2024-01-01 04:40:00,39
2024-01-01 04:40:00,-8
2024-01-01 04:40:00,-14
2024-01-01 04:40:00,23
2024-01-01 04:40:00,-6
2024-01-01 04:40:00,10
2024-01-01 04:40:00,-121
2024-01-01 04:40:00,-24
2024-01-01 04:40:00,-59
2024-01-01 04:40:00,0
2024-01-01 04:40:00,-52
2024-01-01 04:40:00,-8
2024-01-01 04:40:00,-11
2024-01-01 04:40:00,-12
2024-01-01 04:40:00,3
2024-01-01 04:40:00,-43
2024-01-01 04:40:00,-11
2024-01-01 04:40:00,3
2024-01-01 04:40:00,5
2024-01-01 04:40:00,23
2024-01-01 04:40:00,-22
2024-01-01 04:50:00,-14
2024-01-01 04:50:00,0
2024-01-01 04:50:00,-26
2024-01-01 04:50:00,0
2024-01-01 04:50:00,17
2024-01-01 04:50:00,16
2024-01-01 04:50:00,-55
2024-01-01 04:50:00,-50
2024-01-01 04:50:00,-4
2024-01-01 04:50:00,133
2024-01-01 04:50:00,-19
2024-01-01 04:50:00,23
2024-01-01 04:50:00,11
2024-01-01 04:50:00,11
2024-01-01 04:50:00,13
2024-01-01 04:50:00,24
2024-01-01 04:50:00,9
2024-01-01 04:50:00,-115
2024-01-01 04:50:00,40
2024-01-01 04:50:00,-12
2024-01-01 04:50:00,19
2024-01-01 04:50:00,1
2024-01-01 04:50:00,-14
2024-01-01 04:50:00,-151
2024-01-01 04:50:00,-21
2024-01-01 04:50:00,-20
2024-01-01 04:50:00,-25
2024-01-01 04:50:00,18
2024-01-01 04:50:00,22
2024-01-01 04:50:00,1
2024-01-01 04:50:00,6
2024-01-01 04:50:00,-214
2024-01-01 04:50:00,16
2024-01-01 04:50:00,-30
2024-01-01 04:50:00,-4
2024-01-01 04:50:00,54
2024-01-01 04:50:00,-11
2024-01-01 04:50:00,-24
2024-01-01 04:50:00,71
2024-01-01 04:50:00,-8
2024-01-01 04:50:00,-2
2024-01-01 04:50:00,22
2024-01-01 04:50:00,-33
2024-01-01 04:50:00,23
2024-01-01 04:50:00,-53
2024-01-01 04:50:00,18
2024-01-01 04:50:00,13
2024-01-01 04:50:00,-21
2024-01-01 04:50:00,-5
2024-01-01 04:50:00,-30
2024-01-01 04:50:00,19
2024-01-01 04:50:00,-1
2024-01-01 04:50:00,-36
2024-01-01 04:50:00,-25
2024-01-01 04:50:00,-9
2024-01-01 04:50:00,-16
2024-01-01 04:50:00,39
2024-01-01 04:50:00,33
2024-01-01 04:50:00,-8
2024-01-01 04:50:00,-30
2024-01-01 05:00:00,34
2024-01-01 05:00:00,-127
2024-01-01 05:00:00,14
2024-01-01 05:00:00,-52
2024-01-01 05:00:00,19
2024-01-01 05:00:00,-2
2024-01-01 05:00:00,47
2024-01-01 05:00:00,-11
2024-01-01 05:00:00,-15
2024-01-01 05:00:00,228
2024-01-01 05:00:00,17
2024-01-01 05:00:00,49
2024-01-01 05:00:00,0
2024-01-01 05:00:00,-23
2024-01-01 05:00:00,-114
2024-01-01 05:00:00,-4
2024-01-01 05:00:00,32
2024-01-01 05:00:00,-12
2024-01-01 05:00:00,-41
2024-01-01 05:00:00,-106
2024-01-01 05:00:00,-76
2024-01-01 05:00:00,-68
2024-01-01 05:00:00,35
2024-01-01 05:00:00,-12
2024-01-01 05:00:00,-7
2024-01-01 05:00:00,16
2024-01-01 05:00:00,-33
2024-01-01 05:00:00,9
2024-01-01 05:00:00,-45
2024-01-01 05:00:00,-1
2024-01-01 05:00:00,7
2024-01-01 05:00:00,47
2024-01-01 05:00:00,27
2024-01-01 05:00:00,-17
2024-01-01 05:00:00,25
2024-01-01 05:00:00,-112
2024-01-01 05:00:00,1
2024-01-01 05:00:00,-14
2024-01-01 05:00:00,-8
2024-01-01 05:00:00,3
2024-01-01 05:00:00,-6
2024-01-01 05:00:00,9
2024-01-01 05:00:00,-19
2024-01-01 05:00:00,70
2024-01-01 05:00:00,-8
2024-01-01 05:00:00,31
2024-01-01 05:00:00,-3
2024-01-01 05:00:00,30
2024-01-01 05:00:00,-12
2024-01-01 05:00:00,-41
2024-01-01 05:00:00,-18
2024-01-01 05:00:00,8
2024-01-01 05:00:00,3
2024-01-01 05:00:00,46
2024-01-01 05:00:00,44
2024-01-01 05:00:00,-7
2024-01-01 05:00:00,-19
2024-01-01 05:00:00,5
2024-01-01 05:00:00,28
2024-01-01 05:10:00,2
2024-01-01 05:10:00,64
2024-01-01 05:10:00,24
2024-01-01 05:10:00,-14
2024-01-01 05:10:00,41
2024-01-01 05:10:00,23
2024-01-01 05:10:00,-10
2024-01-01 05:10:00,19
2024-01-01 05:10:00,19
2024-01-01 05:10:00,29
2024-01-01 05:10:00,-179
2024-01-01 05:10:00,-49
2024-01-01 05:10:00,24
2024-01-01 05:10:00,2
2024-01-01 05:10:00,-21
2024-01-01 05:10:00,-2
2024-01-01 05:10:00,-1
2024-01-01 05:10:00,-41
2024-01-01 05:10:00,17
2024-01-01 05:10:00,3
2024-01-01 05:10:00,6
2024-01-01 05:10:00,-7
2024-01-01 05:10:00,14
2024-01-01 05:10:00,16
2024-01-01 05:10:00,-20
2024-01-01 05:10:00,17
2024-01-01 05:10:00,-15
2024-01-01 05:10:00,0
2024-01-01 05:10:00,17
2024-01-01 05:10:00,-41
2024-01-01 05:10:00,38
2024-01-01 05:10:00,-1
2024-01-01 05:10:00,20
2024-01-01 05:10:00,10
2024-01-01 05:10:00,20
2024-01-01 05:10:00,43
2024-01-01 05:10:00,42
2024-01-01 05:10:00,83
2024-01-01 05:10:00,-6
2024-01-01 05:10:00,-47
2024-01-01 05:10:00,44
2024-01-01 05:10:00,14
2024-01-01 05:10:00,8
2024-01-01 05:10:00,19
2024-01-01 05:10:00,1
2024-01-01 05:10:00,-1
2024-01-01 05:10:00,-11
2024-01-01 05:10:00,37
2024-01-01 05:10:00,19
2024-01-01 05:10:00,-7
2024-01-01 05:10:00,-61
2024-01-01 05:10:00,-66
2024-01-01 05:10:00,-32
2024-01-01 05:10:00,-127
2024-01-01 05:10:00,-1
2024-01-01 05:10:00,25
2024-01-01 05:10:00,37
2024-01-01 05:10:00,58
2024-01-01 05:10:00,-3
2024-01-01 05:20:00,74
2024-01-01 05:20:00,4
2024-01-01 05:20:00,-7
2024-01-01 05:20:00,-62
2024-01-01 05:20:00,-4
2024-01-01 05:20:00,-20
2024-01-01 05:20:00,-21
2024-01-01 05:20:00,-48
2024-01-01 05:20:00,-12
2024-01-01 05:20:00,110
2024-01-01 05:20:00,-6
2024-01-01 05:20:00,-6
2024-01-01 05:20:00,38
2024-01-01 05:20:00,1
2024-01-01 05:20:00,-149
2024-01-01 05:20:00,4
2024-01-01 05:20:00,0
2024-01-01 05:20:00,9
2024-01-01 05:20:00,-62
2024-01-01 05:20:00,-32
2024-01-01 05:20:00,-17
2024-01-01 05:20:00,44
2024-01-01 05:20:00,14
2024-01-01 05:20:00,-214
2024-01-01 05:20:00,16
2024-01-01 05:20:00,24
2024-01-01 05:20:00,36
2024-01-01 05:20:00,-13
2024-01-01 05:20:00,-14
2024-01-01 05:20:00,4
2024-01-01 05:20:00,-13
2024-01-01 05:20:00,16
2024-01-01 05:20:00,-63
2024-01-01 05:20:00,15
2024-01-01 05:20:00,-52
2024-01-01 05:20:00,23
2024-01-01 05:20:00,-2
2024-01-01 05:20:00,-54
2024-01-01 05:20:00,15
2024-01-01 05:20:00,13
2024-01-01 05:20:00,-6
2024-01-01 05:20:00,-3
2024-01-01 05:20:00,11
2024-01-01 05:20:00,-8
2024-01-01 05:20:00,2
2024-01-01 05:20:00,-14
2024-01-01 05:20:00,53
2024-01-01 05:20:00,25
2024-01-01 05:20:00,-40
2024-01-01 05:20:00,72
2024-01-01 05:20:00,-16
2024-01-01 05:20:00,-18
2024-01-01 05:20:00,2
2024-01-01 05:20:00,-21
2024-01-01 05:20:00,-34
2024-01-01 05:20:00,4
2024-01-01 05:20:00,-26
2024-01-01 05:20:00,1
2024-01-01 05:20:00,7
2024-01-01 05:30:00,28
2024-01-01 05:30:00,15
2024-01-01 05:30:00,-2
2024-01-01 05:30:00,253
2024-01-01 05:30:00,14
2024-01-01 05:30:00,14
2024-01-01 05:30:00,-5
2024-01-01 05:30:00,12
2024-01-01 05:30:00,118
2024-01-01 05:30:00,43
2024-01-01 05:30:00,-11
2024-01-01 05:30:00,0
2024-01-01 05:30:00,1
2024-01-01 05:30:00,-17
2024-01-01 05:30:00,-15
2024-01-01 05:30:00,23
2024-01-01 05:30:00,11
2024-01-01 05:30:00,11
2024-01-01 05:30:00,-3
2024-01-01 05:30:00,-35
2024-01-01 05:30:00,145
2024-01-01 05:30:00,-15
2024-01-01 05:30:00,-115
2024-01-01 05:30:00,8
2024-01-01 05:30:00,9
2024-01-01 05:30:00,8
2024-01-01 05:30:00,-4
2024-01-01 05:30:00,-10
2024-01-01 05:30:00,3
2024-01-01 05:30:00,9
2024-01-01 05:30:00,62
2024-01-01 05:30:00,-27
2024-01-01 05:30:00,30
2024-01-01 05:30:00,-13
2024-01-01 05:30:00,20
2024-01-01 05:30:00,2
2024-01-01 05:30:00,55
2024-01-01 05:30:00,-29
2024-01-01 05:30:00,-168
2024-01-01 05:30:00,21
2024-01-01 05:30:00,10
2024-01-01 05:30:00,12
2024-01-01 05:30:00,-20
2024-01-01 05:30:00,100
2024-01-01 05:30:00,4
2024-01-01 05:30:00,2
2024-01-01 05:30:00,-7
2024-01-01 05:30:00,32
2024-01-01 05:30:00,8
2024-01-01 05:30:00,6
2024-01-01 05:30:00,11
2024-01-01 05:30:00,51
2024-01-01 05:30:00,62
2024-01-01 05:30:00,7
2024-01-01 05:30:00,-8
2024-01-01 05:30:00,10
2024-01-01 05:30:00,-29
2024-01-01 05:30:00,41
2024-01-01 05:30:00,2
2024-01-01 05:30:00,-3
2024-01-01 05:40:00,-21
2024-01-01 05:40:00,-41
2024-01-01 05:40:00,-2
2024-01-01 05:40:00,-19
2024-01-01 05:40:00,-4
2024-01-01 05:40:00,15
2024-01-01 05:40:00,7
2024-01-01 05:40:00,21
2024-01-01 05:40:00,-22
2024-01-01 05:40:00,-12
2024-01-01 05:40:00,-18
2024-01-01 05:40:00,8
2024-01-01 05:40:00,-13
2024-01-01 05:40:00,-7
2024-01-01 05:40:00,-12
2024-01-01 05:40:00,23
2024-01-01 05:40:00,221
2024-01-01 05:40:00,-145
2024-01-01 05:40:00,-7
2024-01-01 05:40:00,13
2024-01-01 05:40:00,22
2024-01-01 05:40:00,-56
2024-01-01 05:40:00,-10
2024-01-01 05:40:00,73
2024-01-01 05:40:00,1
2024-01-01 05:40:00,-7
2024-01-01 05:40:00,-56
2024-01-01 05:40:00,-59
2024-01-01 05:40:00,18
2024-01-01 05:40:00,-25
2024-01-01 05:40:00,-231
2024-01-01 05:40:00,71
2024-01-01 05:40:00,30
2024-01-01 05:40:00,12
2024-01-01 05:40:00,-5
2024-01-01 05:40:00,-2
2024-01-01 05:40:00,64
2024-01-01 05:40:00,33
2024-01-01 05:40:00,9
2024-01-01 05:40:00,-15
2024-01-01 05:40:00,10
2024-01-01 05:40:00,24
2024-01-01 05:40:00,-10
2024-01-01 05:40:00,0
2024-01-01 05:40:00,39
2024-01-01 05:40:00,5
2024-01-01 05:40:00,5
2024-01-01 05:40:00,76
2024-01-01 05:40:00,-9
2024-01-01 05:40:00,9
2024-01-01 05:40:00,-4
2024-01-01 05:40:00,-28
2024-01-01 05:40:00,37
2024-01-01 05:40:00,-26
2024-01-01 05:40:00,4
2024-01-01 05:40:00,28
2024-01-01 05:40:00,-16
2024-01-01 05:40:00,-53
2024-01-01 05:40:00,-17
2024-01-01 05:40:00,-166
2024-01-01 05:50:00,-20
2024-01-01 05:50:00,127
2024-01-01 05:50:00,-1
2024-01-01 05:50:00,-11
2024-01-01 05:50:00,22
2024-01-01 05:50:00,4
2024-01-01 05:50:00,-16
2024-01-01 05:50:00,36
2024-01-01 05:50:00,66
2024-01-01 05:50:00,11
2024-01-01 05:50:00,29
2024-01-01 05:50:00,25
2024-01-01 05:50:00,85
2024-01-01 05:50:00,26
2024-01-01 05:50:00,-19
2024-01-01 05:50:00,42
2024-01-01 05:50:00,-6
2024-01-01 05:50:00,-26
2024-01-01 05:50:00,-130
2024-01-01 05:50:00,81
2024-01-01 05:50:00,15
2024-01-01 05:50:00,7
2024-01-01 05:50:00,2
2024-01-01 05:50:00,38
2024-01-01 05:50:00,8
2024-01-01 05:50:00,21
2024-01-01 05:50:00,77
2024-01-01 05:50:00,5
2024-01-01 05:50:00,-6
2024-01-01 05:50:00,4
2024-01-01 05:50:00,-171
2024-01-01 05:50:00,1
2024-01-01 05:50:00,144
2024-01-01 05:50:00,-3
2024-01-01 05:50:00,15
2024-01-01 05:50:00,-16
2024-01-01 05:50:00,-9
2024-01-01 05:50:00,55
2024-01-01 05:50:00,5
2024-01-01 05:50:00,-12
2024-01-01 05:50:00,51
2024-01-01 05:50:00,67
2024-01-01 05:50:00,-132
2024-01-01 05:50:00,-37
2024-01-01 05:50:00,-2
2024-01-01 05:50:00,-19
2024-01-01 05:50:00,125
2024-01-01 05:50:00,9
2024-01-01 05:50:00,-13
2024-01-01 05:50:00,14
2024-01-01 05:50:00,60
2024-01-01 05:50:00,-12
2024-01-01 05:50:00,43
2024-01-01 05:50:00,-24
2024-01-01 05:50:00,-49
2024-01-01 05:50:00,23
2024-01-01 05:50:00,-40
2024-01-01 05:50:00,19
2024-01-01 05:50:00,128
2024-01-01 06:00:00,-37
2024-01-01 06:00:00,46
2024-01-01 06:00:00,49
2024-01-01 06:00:00,-168
2024-01-01 06:00:00,34
2024-01-01 06:00:00,-14
2024-01-01 06:00:00,10
2024-01-01 06:00:00,67
2024-01-01 06:00:00,63
2024-01-01 06:00:00,73
2024-01-01 06:00:00,-17
2024-01-01 06:00:00,23
2024-01-01 06:00:00,7
2024-01-01 06:00:00,-16
2024-01-01 06:00:00,41
2024-01-01 06:00:00,38
2024-01-01 06:00:00,-11
2024-01-01 06:00:00,-139
2024-01-01 06:00:00,18
2024-01-01 06:00:00,27
2024-01-01 06:00:00,-7
2024-01-01 06:00:00,3
2024-01-01 06:00:00,1
2024-01-01 06:00:00,-37
2024-01-01 06:00:00,50
2024-01-01 06:00:00,8
2024-01-01 06:00:00,13
2024-01-01 06:00:00,-18
2024-01-01 06:00:00,-93
2024-01-01 06:00:00,-44
2024-01-01 06:00:00,-61
2024-01-01 06:00:00,34
2024-01-01 06:00:00,-4
2024-01-01 06:00:00,2
2024-01-01 06:00:00,-11
2024-01-01 06:00:00,-24
2024-01-01 06:00:00,43
2024-01-01 06:00:00,1
2024-01-01 06:00:00,38
2024-01-01 06:00:00,3
2024-01-01 06:00:00,-30
2024-01-01 06:00:00,10
2024-01-01 06:00:00,-45
2024-01-01 06:00:00,19
2024-01-01 06:00:00,8
2024-01-01 06:00:00,-2
2024-01-01 06:00:00,-12
2024-01-01 06:00:00,71
2024-01-01 06:00:00,58
2024-01-01 06:00:00,-7
2024-01-01 06:00:00,-6
2024-01-01 06:00:00,21
2024-01-01 06:00:00,-19
2024-01-01 06:00:00,23
2024-01-01 06:00:00,38
2024-01-01 06:00:00,-27
2024-01-01 06:00:00,4
2024-01-01 06:00:00,-39
2024-01-01 06:00:00,31
2024-01-01 06:00:00,-110
2024-01-01 06:10:00,-32
2024-01-01 06:10:00,12
2024-01-01 06:10:00,4
2024-01-01 06:10:00,5
2024-01-01 06:10:00,64
2024-01-01 06:10:00,53
2024-01-01 06:10:00,30
2024-01-01 06:10:00,-2
2024-01-01 06:10:00,-1
2024-01-01 06:10:00,63
2024-01-01 06:10:00,27
2024-01-01 06:10:00,-8
2024-01-01 06:10:00,-7
2024-01-01 06:10:00,-147
2024-01-01 06:10:00,19
2024-01-01 06:10:00,5
2024-01-01 06:10:00,6
2024-01-01 06:10:00,26
2024-01-01 06:10:00,18
2024-01-01 06:10:00,16
2024-01-01 06:10:00,27
2024-01-01 06:10:00,-15
2024-01-01 06:10:00,-1
2024-01-01 06:10:00,25
2024-01-01 06:10:00,-33
2024-01-01 06:10:00,18
2024-01-01 06:10:00,17
2024-01-01 06:10:00,31
2024-01-01 06:10:00,22
2024-01-01 06:10:00,-31
2024-01-01 06:10:00,-92
2024-01-01 06:10:00,14
2024-01-01 06:10:00,-24
2024-01-01 06:10:00,-13
2024-01-01 06:10:00,90
2024-01-01 06:10:00,-19
2024-01-01 06:10:00,13
2024-01-01 06:10:00,-2
2024-01-01 06:10:00,-7
2024-01-01 06:10:00,-87
2024-01-01 06:10:00,-23
2024-01-01 06:10:00,-11
2024-01-01 06:10:00,-13
2024-01-01 06:10:00,-6
2024-01-01 06:10:00,26
2024-01-01 06:10:00,-3
2024-01-01 06:10:00,-6
2024-01-01 06:10:00,43
2024-01-01 06:10:00,41
2024-01-01 06:10:00,18
2024-01-01 06:10:00,23
2024-01-01 06:10:00,-6
2024-01-01 06:10:00,23
2024-01-01 06:10:00,-22
2024-01-01 06:10:00,-22
2024-01-01 06:10:00,-19
2024-01-01 06:10:00,137
2024-01-01 06:10:00,-4
2024-01-01 06:10:00,21
2024-01-01 06:10:00,17
2024-01-01 06:20:00,61
2024-01-01 06:20:00,-5
2024-01-01 06:20:00,-35
2024-01-01 06:20:00,7
2024-01-01 06:20:00,6
2024-01-01 06:20:00,-72
2024-01-01 06:20:00,-12
2024-01-01 06:20:00,-14
2024-01-01 06:20:00,-86
2024-01-01 06:20:00,12
2024-01-01 06:20:00,-19
2024-01-01 06:20:00,20
2024-01-01 06:20:00,-1
2024-01-01 06:20:00,62
2024-01-01 06:20:00,-57
2024-01-01 06:20:00,-28
2024-01-01 06:20:00,23
2024-01-01 06:20:00,-41
2024-01-01 06:20:00,-48
2024-01-01 06:20:00,-11
2024-01-01 06:20:00,10
2024-01-01 06:20:00,-29
2024-01-01 06:20:00,-36
2024-01-01 06:20:00,-30
2024-01-01 06:20:00,-36
2024-01-01 06:20:00,-16
2024-01-01 06:20:00,15
2024-01-01 06:20:00,30
2024-01-01 06:20:00,7
2024-01-01 06:20:00,9
2024-01-01 06:20:00,-24
2024-01-01 06:20:00,-25
2024-01-01 06:20:00,-41
2024-01-01 06:20:00,-20
2024-01-01 06:20:00,20
2024-01-01 06:20:00,3
2024-01-01 06:20:00,-26
2024-01-01 06:20:00,8
2024-01-01 06:20:00,21
2024-01-01 06:20:00,-14
2024-01-01 06:20:00,-49
2024-01-01 06:20:00,-30
2024-01-01 06:20:00,-20
2024-01-01 06:20:00,-9
2024-01-01 06:20:00,14
2024-01-01 06:20:00,-13
2024-01-01 06:20:00,-189
2024-01-01 06:20:00,-45
2024-01-01 06:20:00,12
2024-01-01 06:20:00,-8
2024-01-01 06:20:00,88
2024-01-01 06:20:00,-5
2024-01-01 06:20:00,-9
2024-01-01 06:20:00,-1
2024-01-01 06:20:00,42
2024-01-01 06:20:00,4
2024-01-01 06:20:00,-30
2024-01-01 06:20:00,-1
2024-01-01 06:20:00,-2
2024-01-01 06:20:00,0
2024-01-01 06:30:00,75
2024-01-01 06:30:00,-7
2024-01-01 06:30:00,-25
2024-01-01 06:30:00,-5
2024-01-01 06:30:00,-5
2024-01-01 06:30:00,56
2024-01-01 06:30:00,-31
2024-01-01 06:30:00,-9
2024-01-01 06:30:00,11
2024-01-01 06:30:00,-24
2024-01-01 06:30:00,-40
2024-01-01 06:30:00,-89
2024-01-01 06:30:00,-4
2024-01-01 06:30:00,11
2024-01-01 06:30:00,14
2024-01-01 06:30:00,-1
2024-01-01 06:30:00,62
2024-01-01 06:30:00,-2
2024-01-01 06:30:00,-3
2024-01-01 06:30:00,-7
2024-01-01 06:30:00,29
2024-01-01 06:30:00,-33
2024-01-01 06:30:00,-38
2024-01-01 06:30:00,7
2024-01-01 06:30:00,-136
2024-01-01 06:30:00,-14
2024-01-01 06:30:00,9
2024-01-01 06:30:00,-4
2024-01-01 06:30:00,13
2024-01-01 06:30:00,-11
2024-01-01 06:30:00,26
2024-01-01 06:30:00,29
2024-01-01 06:30:00,29
2024-01-01 06:30:00,34
2024-01-01 06:30:00,5
2024-01-01 06:30:00,34
2024-01-01 06:30:00,13
2024-01-01 06:30:00,69
2024-01-01 06:30:00,11
2024-01-01 06:30:00,-25
2024-01-01 06:30:00,-14
2024-01-01 06:30:00,-6
2024-01-01 06:30:00,4
2024-01-01 06:30:00,54
2024-01-01 06:30:00,11
2024-01-01 06:30:00,46
2024-01-01 06:30:00,-3
2024-01-01 06:30:00,-2
2024-01-01 06:30:00,-8
2024-01-01 06:30:00,62
2024-01-01 06:30:00,1
2024-01-01 06:30:00,33
2024-01-01 06:30:00,-102
2024-01-01 06:30:00,-288
2024-01-01 06:30:00,-62
2024-01-01 06:30:00,-16
2024-01-01 06:30:00,6
2024-01-01 06:30:00,19
2024-01-01 06:30:00,20
2024-01-01 06:30:00,11
2024-01-01 06:40:00,-34
2024-01-01 06:40:00,14
2024-01-01 06:40:00,-7
2024-01-01 06:40:00,-8
2024-01-01 06:40:00,-14
2024-01-01 06:40:00,-16
2024-01-01 06:40:00,27
2024-01-01 06:40:00,-4
2024-01-01 06:40:00,11
2024-01-01 06:40:00,20
2024-01-01 06:40:00,-16
2024-01-01 06:40:00,19
2024-01-01 06:40:00,1
2024-01-01 06:40:00,-31
2024-01-01 06:40:00,-65
2024-01-01 06:40:00,44
2024-01-01 06:40:00,-20
2024-01-01 06:40:00,-14
2024-01-01 06:40:00,85
2024-01-01 06:40:00,224
2024-01-01 06:40:00,130
2024-01-01 06:40:00,17
2024-01-01 06:40:00,-12
2024-01-01 06:40:00,12
2024-01-01 06:40:00,12
2024-01-01 06:40:00,-43
2024-01-01 06:40:00,28
2024-01-01 06:40:00,35
2024-01-01 06:40:00,-22
2024-01-01 06:40:00,-6
2024-01-01 06:40:00,-64
2024-01-01 06:40:00,21
2024-01-01 06:40:00,63
2024-01-01 06:40:00,-4
2024-01-01 06:40:00,-1
2024-01-01 06:40:00,-9
2024-01-01 06:40:00,-11
2024-01-01 06:40:00,-26
2024-01-01 06:40:00,-22
2024-01-01 06:40:00,16
2024-01-01 06:40:00,-3
2024-01-01 06:40:00,-79
2024-01-01 06:40:00,29
2024-01-01 06:40:00,16
2024-01-01 06:40:00,0
2024-01-01 06:40:00,-56
2024-01-01 06:40:00,6
2024-01-01 06:40:00,-5
2024-01-01 06:40:00,2
2024-01-01 06:40:00,-20
2024-01-01 06:40:00,31
2024-01-01 06:40:00,0
2024-01-01 06:40:00,31
2024-01-01 06:40:00,-17
2024-01-01 06:40:00,-3
2024-01-01 06:40:00,54
2024-01-01 06:40:00,-14
2024-01-01 06:40:00,99
2024-01-01 06:40:00,27
2024-01-01 06:40:00,32
2024-01-01 06:50:00,24
2024-01-01 06:50:00,-41
2024-01-01 06:50:00,49
2024-01-01 06:50:00,20
2024-01-01 06:50:00,10
2024-01-01 06:50:00,-44
2024-01-01 06:50:00,-16
2024-01-01 06:50:00,-13
2024-01-01 06:50:00,-33
2024-01-01 06:50:00,-3
2024-01-01 06:50:00,2
2024-01-01 06:50:00,-20
2024-01-01 06:50:00,-96
2024-01-01 06:50:00,-25
2024-01-01 06:50:00,-3
2024-01-01 06:50:00,8
2024-01-01 06:50:00,-39
2024-01-01 06:50:00,8
2024-01-01 06:50:00,25
2024-01-01 06:50:00,-37
2024-01-01 06:50:00,-50
2024-01-01 06:50:00,-10
2024-01-01 06:50:00,-24
2024-01-01 06:50:00,-23
2024-01-01 06:50:00,79
2024-01-01 06:50:00,-11
2024-01-01 06:50:00,27
2024-01-01 06:50:00,-33
2024-01-01 06:50:00,41
2024-01-01 06:50:00,-56
2024-01-01 06:50:00,-28
2024-01-01 06:50:00,2
2024-01-01 06:50:00,22
2024-01-01 06:50:00,25
2024-01-01 06:50:00,19
2024-01-01 06:50:00,-19
2024-01-01 06:50:00,7
2024-01-01 06:50:00,58
2024-01-01 06:50:00,-3
2024-01-01 06:50:00,-3
2024-01-01 06:50:00,-32
2024-01-01 06:50:00,4
2024-01-01 06:50:00,-163
2024-01-01 06:50:00,33
2024-01-01 06:50:00,-21
2024-01-01 06:50:00,-114
2024-01-01 06:50:00,-105
2024-01-01 06:50:00,1
2024-01-01 06:50:00,-30
2024-01-01 06:50:00,-2
2024-01-01 06:50:00,-8
2024-01-01 06:50:00,38
2024-01-01 06:50:00,11
2024-01-01 06:50:00,-29
2024-01-01 06:50:00,-30
2024-01-01 06:50:00,23
2024-01-01 06:50:00,-1
2024-01-01 06:50:00,9
2024-01-01 06:50:00,75
2024-01-01 06:50:00,19
2024-01-01 07:00:00,-30
2024-01-01 07:00:00,-5
2024-01-01 07:00:00,6
2024-01-01 07:00:00,57
2024-01-01 07:00:00,-5
2024-01-01 07:00:00,0
2024-01-01 07:00:00,-80
2024-01-01 07:00:00,-2
2024-01-01 07:00:00,-168
2024-01-01 07:00:00,9
2024-01-01 07:00:00,-68
2024-01-01 07:00:00,-32
2024-01-01 07:00:00,27
2024-01-01 07:00:00,59
2024-01-01 07:00:00,-13
2024-01-01 07:00:00,-215
2024-01-01 07:00:00,-24
2024-01-01 07:00:00,-20
2024-01-01 07:00:00,32
2024-01-01 07:00:00,43
2024-01-01 07:00:00,-20
2024-01-01 07:00:00,4
2024-01-01 07:00:00,-9
2024-01-01 07:00:00,205
2024-01-01 07:00:00,19
2024-01-01 07:00:00,-13
2024-01-01 07:00:00,-30
2024-01-01 07:00:00,52
2024-01-01 07:00:00,16
2024-01-01 07:00:00,3
2024-01-01 07:00:00,-32
2024-01-01 07:00:00,17
2024-01-01 07:00:00,21
2024-01-01 07:00:00,-65
2024-01-01 07:00:00,23
2024-01-01 07:00:00,109
2024-01-01 07:00:00,-186
2024-01-01 07:00:00,40
2024-01-01 07:00:00,-34
2024-01-01 07:00:00,19
2024-01-01 07:00:00,-12
2024-01-01 07:00:00,-11
2024-01-01 07:00:00,19
2024-01-01 07:00:00,53
2024-01-01 07:00:00,-20
2024-01-01 07:00:00,13
2024-01-01 07:00:00,-7
2024-01-01 07:00:00,157
2024-01-01 07:00:00,-16
2024-01-01 07:00:00,19
2024-01-01 07:00:00,27
2024-01-01 07:00:00,-29
2024-01-01 07:00:00,4
2024-01-01 07:00:00,-122
2024-01-01 07:00:00,-1
2024-01-01 07:00:00,-43
2024-01-01 07:00:00,-82
2024-01-01 07:00:00,18
2024-01-01 07:00:00,34
2024-01-01 07:00:00,2
